detectedDuplicate,detectedCorruption,firstInSession,timestamp,clientTimestamp,remoteHost,referer,location,screenPixelWidth,screenPixelHeight,partyId,sessionId,pageViewId,eventType,userAgentString,userAgentName,userAgentFamily,userAgentVendor,userAgentType,userAgentVersion,userAgentDeviceCategory,userAgentOsFamily
false,false,true,1587711785697,1587711785665,172.19.0.1,,http://localhost:8290/,1853,1053,0:k9duj4wz:l2cMkdzssvEhvgbea2QmbuiOvHo~f_i7,0:k9duj4wz:~k8df~6mjcmT806u148_wd2OAl4GC5OK,0:tYIXS7bhcp_bgreyTQEz6rANEgSyNnUt,pageView,"Mozilla/5.0 (X11; Linux x86_64) AppleWebKit/537.36 (KHTML, like Gecko) Chrome/79.0.3945.88 Safari/537.36",Chrome,Chrome,Google Inc.,Browser,79.0.3945.88,Personal computer,Linux
false,false,false,1587711787423,1587711787413,172.19.0.1,,http://localhost:8290/,1853,1053,0:k9duj4wz:l2cMkdzssvEhvgbea2QmbuiOvHo~f_i7,0:k9duj4wz:~k8df~6mjcmT806u148_wd2OAl4GC5OK,0:tYIXS7bhcp_bgreyTQEz6rANEgSyNnUt,bannerClick,"Mozilla/5.0 (X11; Linux x86_64) AppleWebKit/537.36 (KHTML, like Gecko) Chrome/79.0.3945.88 Safari/537.36",Chrome,Chrome,Google Inc.,Browser,79.0.3945.88,Personal computer,Linux
false,false,false,1587713062879,1587713062874,172.19.0.1,,http://localhost:8290/,1853,1053,0:k9duj4wz:l2cMkdzssvEhvgbea2QmbuiOvHo~f_i7,0:k9duj4wz:~k8df~6mjcmT806u148_wd2OAl4GC5OK,0:tYIXS7bhcp_bgreyTQEz6rANEgSyNnUt,bannerClick,"Mozilla/5.0 (X11; Linux x86_64) AppleWebKit/537.36 (KHTML, like Gecko) Chrome/79.0.3945.88 Safari/537.36",Chrome,Chrome,Google Inc.,Browser,79.0.3945.88,Personal computer,Linux
false,false,false,1587713064185,1587713064176,172.19.0.1,,http://localhost:8290/,1853,1053,0:k9duj4wz:l2cMkdzssvEhvgbea2QmbuiOvHo~f_i7,0:k9duj4wz:~k8df~6mjcmT806u148_wd2OAl4GC5OK,0:tYIXS7bhcp_bgreyTQEz6rANEgSyNnUt,bannerClick,"Mozilla/5.0 (X11; Linux x86_64) AppleWebKit/537.36 (KHTML, like Gecko) Chrome/79.0.3945.88 Safari/537.36",Chrome,Chrome,Google Inc.,Browser,79.0.3945.88,Personal computer,Linux
false,false,false,1587713065056,1587713065047,172.19.0.1,,http://localhost:8290/,1853,1053,0:k9duj4wz:l2cMkdzssvEhvgbea2QmbuiOvHo~f_i7,0:k9duj4wz:~k8df~6mjcmT806u148_wd2OAl4GC5OK,0:tYIXS7bhcp_bgreyTQEz6rANEgSyNnUt,bannerClick,"Mozilla/5.0 (X11; Linux x86_64) AppleWebKit/537.36 (KHTML, like Gecko) Chrome/79.0.3945.88 Safari/537.36",Chrome,Chrome,Google Inc.,Browser,79.0.3945.88,Personal computer,Linux
false,false,false,1587713257418,1587713257407,172.19.0.1,,http://localhost:8290/,1853,1053,0:k9duj4wz:l2cMkdzssvEhvgbea2QmbuiOvHo~f_i7,0:k9duj4wz:~k8df~6mjcmT806u148_wd2OAl4GC5OK,0:tYIXS7bhcp_bgreyTQEz6rANEgSyNnUt,bannerClick,"Mozilla/5.0 (X11; Linux x86_64) AppleWebKit/537.36 (KHTML, like Gecko) Chrome/79.0.3945.88 Safari/537.36",Chrome,Chrome,Google Inc.,Browser,79.0.3945.88,Personal computer,Linux
false,false,false,1587713259079,1587713259071,172.19.0.1,,http://localhost:8290/,1853,1053,0:k9duj4wz:l2cMkdzssvEhvgbea2QmbuiOvHo~f_i7,0:k9duj4wz:~k8df~6mjcmT806u148_wd2OAl4GC5OK,0:tYIXS7bhcp_bgreyTQEz6rANEgSyNnUt,bannerClick,"Mozilla/5.0 (X11; Linux x86_64) AppleWebKit/537.36 (KHTML, like Gecko) Chrome/79.0.3945.88 Safari/537.36",Chrome,Chrome,Google Inc.,Browser,79.0.3945.88,Personal computer,Linux
false,false,false,1587713260378,1587713260370,172.19.0.1,,http://localhost:8290/,1853,1053,0:k9duj4wz:l2cMkdzssvEhvgbea2QmbuiOvHo~f_i7,0:k9duj4wz:~k8df~6mjcmT806u148_wd2OAl4GC5OK,0:tYIXS7bhcp_bgreyTQEz6rANEgSyNnUt,bannerClick,"Mozilla/5.0 (X11; Linux x86_64) AppleWebKit/537.36 (KHTML, like Gecko) Chrome/79.0.3945.88 Safari/537.36",Chrome,Chrome,Google Inc.,Browser,79.0.3945.88,Personal computer,Linux
false,false,false,1587713261157,1587713261149,172.19.0.1,,http://localhost:8290/,1853,1053,0:k9duj4wz:l2cMkdzssvEhvgbea2QmbuiOvHo~f_i7,0:k9duj4wz:~k8df~6mjcmT806u148_wd2OAl4GC5OK,0:tYIXS7bhcp_bgreyTQEz6rANEgSyNnUt,bannerClick,"Mozilla/5.0 (X11; Linux x86_64) AppleWebKit/537.36 (KHTML, like Gecko) Chrome/79.0.3945.88 Safari/537.36",Chrome,Chrome,Google Inc.,Browser,79.0.3945.88,Personal computer,Linux
false,false,false,1587713261740,1587713261736,172.19.0.1,,http://localhost:8290/,1853,1053,0:k9duj4wz:l2cMkdzssvEhvgbea2QmbuiOvHo~f_i7,0:k9duj4wz:~k8df~6mjcmT806u148_wd2OAl4GC5OK,0:tYIXS7bhcp_bgreyTQEz6rANEgSyNnUt,bannerClick,"Mozilla/5.0 (X11; Linux x86_64) AppleWebKit/537.36 (KHTML, like Gecko) Chrome/79.0.3945.88 Safari/537.36",Chrome,Chrome,Google Inc.,Browser,79.0.3945.88,Personal computer,Linux
false,false,false,1587713262217,1587713262209,172.19.0.1,,http://localhost:8290/,1853,1053,0:k9duj4wz:l2cMkdzssvEhvgbea2QmbuiOvHo~f_i7,0:k9duj4wz:~k8df~6mjcmT806u148_wd2OAl4GC5OK,0:tYIXS7bhcp_bgreyTQEz6rANEgSyNnUt,bannerClick,"Mozilla/5.0 (X11; Linux x86_64) AppleWebKit/537.36 (KHTML, like Gecko) Chrome/79.0.3945.88 Safari/537.36",Chrome,Chrome,Google Inc.,Browser,79.0.3945.88,Personal computer,Linux
false,false,false,1587713262553,1587713262543,172.19.0.1,,http://localhost:8290/,1853,1053,0:k9duj4wz:l2cMkdzssvEhvgbea2QmbuiOvHo~f_i7,0:k9duj4wz:~k8df~6mjcmT806u148_wd2OAl4GC5OK,0:tYIXS7bhcp_bgreyTQEz6rANEgSyNnUt,bannerClick,"Mozilla/5.0 (X11; Linux x86_64) AppleWebKit/537.36 (KHTML, like Gecko) Chrome/79.0.3945.88 Safari/537.36",Chrome,Chrome,Google Inc.,Browser,79.0.3945.88,Personal computer,Linux
false,false,false,1587713268205,1587713268196,172.19.0.1,,http://localhost:8290/,1853,1053,0:k9duj4wz:l2cMkdzssvEhvgbea2QmbuiOvHo~f_i7,0:k9duj4wz:~k8df~6mjcmT806u148_wd2OAl4GC5OK,0:tYIXS7bhcp_bgreyTQEz6rANEgSyNnUt,bannerClick,"Mozilla/5.0 (X11; Linux x86_64) AppleWebKit/537.36 (KHTML, like Gecko) Chrome/79.0.3945.88 Safari/537.36",Chrome,Chrome,Google Inc.,Browser,79.0.3945.88,Personal computer,Linux
false,false,false,1587713269983,1587713269976,172.19.0.1,,http://localhost:8290/,1853,1053,0:k9duj4wz:l2cMkdzssvEhvgbea2QmbuiOvHo~f_i7,0:k9duj4wz:~k8df~6mjcmT806u148_wd2OAl4GC5OK,0:tYIXS7bhcp_bgreyTQEz6rANEgSyNnUt,bannerClick,"Mozilla/5.0 (X11; Linux x86_64) AppleWebKit/537.36 (KHTML, like Gecko) Chrome/79.0.3945.88 Safari/537.36",Chrome,Chrome,Google Inc.,Browser,79.0.3945.88,Personal computer,Linux
false,false,false,1587713270695,1587713270687,172.19.0.1,,http://localhost:8290/,1853,1053,0:k9duj4wz:l2cMkdzssvEhvgbea2QmbuiOvHo~f_i7,0:k9duj4wz:~k8df~6mjcmT806u148_wd2OAl4GC5OK,0:tYIXS7bhcp_bgreyTQEz6rANEgSyNnUt,bannerClick,"Mozilla/5.0 (X11; Linux x86_64) AppleWebKit/537.36 (KHTML, like Gecko) Chrome/79.0.3945.88 Safari/537.36",Chrome,Chrome,Google Inc.,Browser,79.0.3945.88,Personal computer,Linux
false,false,false,1587713271894,1587713271886,172.19.0.1,,http://localhost:8290/,1853,1053,0:k9duj4wz:l2cMkdzssvEhvgbea2QmbuiOvHo~f_i7,0:k9duj4wz:~k8df~6mjcmT806u148_wd2OAl4GC5OK,0:tYIXS7bhcp_bgreyTQEz6rANEgSyNnUt,bannerClick,"Mozilla/5.0 (X11; Linux x86_64) AppleWebKit/537.36 (KHTML, like Gecko) Chrome/79.0.3945.88 Safari/537.36",Chrome,Chrome,Google Inc.,Browser,79.0.3945.88,Personal computer,Linux
false,false,false,1587713272365,1587713272358,172.19.0.1,,http://localhost:8290/,1853,1053,0:k9duj4wz:l2cMkdzssvEhvgbea2QmbuiOvHo~f_i7,0:k9duj4wz:~k8df~6mjcmT806u148_wd2OAl4GC5OK,0:tYIXS7bhcp_bgreyTQEz6rANEgSyNnUt,bannerClick,"Mozilla/5.0 (X11; Linux x86_64) AppleWebKit/537.36 (KHTML, like Gecko) Chrome/79.0.3945.88 Safari/537.36",Chrome,Chrome,Google Inc.,Browser,79.0.3945.88,Personal computer,Linux
false,false,false,1587713272787,1587713272779,172.19.0.1,,http://localhost:8290/,1853,1053,0:k9duj4wz:l2cMkdzssvEhvgbea2QmbuiOvHo~f_i7,0:k9duj4wz:~k8df~6mjcmT806u148_wd2OAl4GC5OK,0:tYIXS7bhcp_bgreyTQEz6rANEgSyNnUt,bannerClick,"Mozilla/5.0 (X11; Linux x86_64) AppleWebKit/537.36 (KHTML, like Gecko) Chrome/79.0.3945.88 Safari/537.36",Chrome,Chrome,Google Inc.,Browser,79.0.3945.88,Personal computer,Linux
false,false,false,1587713273115,1587713273107,172.19.0.1,,http://localhost:8290/,1853,1053,0:k9duj4wz:l2cMkdzssvEhvgbea2QmbuiOvHo~f_i7,0:k9duj4wz:~k8df~6mjcmT806u148_wd2OAl4GC5OK,0:tYIXS7bhcp_bgreyTQEz6rANEgSyNnUt,bannerClick,"Mozilla/5.0 (X11; Linux x86_64) AppleWebKit/537.36 (KHTML, like Gecko) Chrome/79.0.3945.88 Safari/537.36",Chrome,Chrome,Google Inc.,Browser,79.0.3945.88,Personal computer,Linux
false,false,false,1587713273769,1587713273760,172.19.0.1,,http://localhost:8290/,1853,1053,0:k9duj4wz:l2cMkdzssvEhvgbea2QmbuiOvHo~f_i7,0:k9duj4wz:~k8df~6mjcmT806u148_wd2OAl4GC5OK,0:tYIXS7bhcp_bgreyTQEz6rANEgSyNnUt,bannerClick,"Mozilla/5.0 (X11; Linux x86_64) AppleWebKit/537.36 (KHTML, like Gecko) Chrome/79.0.3945.88 Safari/537.36",Chrome,Chrome,Google Inc.,Browser,79.0.3945.88,Personal computer,Linux
false,false,false,1587713274073,1587713274064,172.19.0.1,,http://localhost:8290/,1853,1053,0:k9duj4wz:l2cMkdzssvEhvgbea2QmbuiOvHo~f_i7,0:k9duj4wz:~k8df~6mjcmT806u148_wd2OAl4GC5OK,0:tYIXS7bhcp_bgreyTQEz6rANEgSyNnUt,bannerClick,"Mozilla/5.0 (X11; Linux x86_64) AppleWebKit/537.36 (KHTML, like Gecko) Chrome/79.0.3945.88 Safari/537.36",Chrome,Chrome,Google Inc.,Browser,79.0.3945.88,Personal computer,Linux
false,false,false,1587713274341,1587713274333,172.19.0.1,,http://localhost:8290/,1853,1053,0:k9duj4wz:l2cMkdzssvEhvgbea2QmbuiOvHo~f_i7,0:k9duj4wz:~k8df~6mjcmT806u148_wd2OAl4GC5OK,0:tYIXS7bhcp_bgreyTQEz6rANEgSyNnUt,bannerClick,"Mozilla/5.0 (X11; Linux x86_64) AppleWebKit/537.36 (KHTML, like Gecko) Chrome/79.0.3945.88 Safari/537.36",Chrome,Chrome,Google Inc.,Browser,79.0.3945.88,Personal computer,Linux
false,false,false,1587713274487,1587713274479,172.19.0.1,,http://localhost:8290/,1853,1053,0:k9duj4wz:l2cMkdzssvEhvgbea2QmbuiOvHo~f_i7,0:k9duj4wz:~k8df~6mjcmT806u148_wd2OAl4GC5OK,0:tYIXS7bhcp_bgreyTQEz6rANEgSyNnUt,bannerClick,"Mozilla/5.0 (X11; Linux x86_64) AppleWebKit/537.36 (KHTML, like Gecko) Chrome/79.0.3945.88 Safari/537.36",Chrome,Chrome,Google Inc.,Browser,79.0.3945.88,Personal computer,Linux
false,false,false,1587713274590,1587713274586,172.19.0.1,,http://localhost:8290/,1853,1053,0:k9duj4wz:l2cMkdzssvEhvgbea2QmbuiOvHo~f_i7,0:k9duj4wz:~k8df~6mjcmT806u148_wd2OAl4GC5OK,0:tYIXS7bhcp_bgreyTQEz6rANEgSyNnUt,bannerClick,"Mozilla/5.0 (X11; Linux x86_64) AppleWebKit/537.36 (KHTML, like Gecko) Chrome/79.0.3945.88 Safari/537.36",Chrome,Chrome,Google Inc.,Browser,79.0.3945.88,Personal computer,Linux
false,false,false,1587713275315,1587713275306,172.19.0.1,,http://localhost:8290/,1853,1053,0:k9duj4wz:l2cMkdzssvEhvgbea2QmbuiOvHo~f_i7,0:k9duj4wz:~k8df~6mjcmT806u148_wd2OAl4GC5OK,0:tYIXS7bhcp_bgreyTQEz6rANEgSyNnUt,bannerClick,"Mozilla/5.0 (X11; Linux x86_64) AppleWebKit/537.36 (KHTML, like Gecko) Chrome/79.0.3945.88 Safari/537.36",Chrome,Chrome,Google Inc.,Browser,79.0.3945.88,Personal computer,Linux
false,false,false,1587713276179,1587713276171,172.19.0.1,,http://localhost:8290/,1853,1053,0:k9duj4wz:l2cMkdzssvEhvgbea2QmbuiOvHo~f_i7,0:k9duj4wz:~k8df~6mjcmT806u148_wd2OAl4GC5OK,0:tYIXS7bhcp_bgreyTQEz6rANEgSyNnUt,bannerClick,"Mozilla/5.0 (X11; Linux x86_64) AppleWebKit/537.36 (KHTML, like Gecko) Chrome/79.0.3945.88 Safari/537.36",Chrome,Chrome,Google Inc.,Browser,79.0.3945.88,Personal computer,Linux
false,false,false,1587713276803,1587713276796,172.19.0.1,,http://localhost:8290/,1853,1053,0:k9duj4wz:l2cMkdzssvEhvgbea2QmbuiOvHo~f_i7,0:k9duj4wz:~k8df~6mjcmT806u148_wd2OAl4GC5OK,0:tYIXS7bhcp_bgreyTQEz6rANEgSyNnUt,bannerClick,"Mozilla/5.0 (X11; Linux x86_64) AppleWebKit/537.36 (KHTML, like Gecko) Chrome/79.0.3945.88 Safari/537.36",Chrome,Chrome,Google Inc.,Browser,79.0.3945.88,Personal computer,Linux
false,false,false,1587713277457,1587713277450,172.19.0.1,,http://localhost:8290/,1853,1053,0:k9duj4wz:l2cMkdzssvEhvgbea2QmbuiOvHo~f_i7,0:k9duj4wz:~k8df~6mjcmT806u148_wd2OAl4GC5OK,0:tYIXS7bhcp_bgreyTQEz6rANEgSyNnUt,bannerClick,"Mozilla/5.0 (X11; Linux x86_64) AppleWebKit/537.36 (KHTML, like Gecko) Chrome/79.0.3945.88 Safari/537.36",Chrome,Chrome,Google Inc.,Browser,79.0.3945.88,Personal computer,Linux
false,false,false,1587713278140,1587713278133,172.19.0.1,,http://localhost:8290/,1853,1053,0:k9duj4wz:l2cMkdzssvEhvgbea2QmbuiOvHo~f_i7,0:k9duj4wz:~k8df~6mjcmT806u148_wd2OAl4GC5OK,0:tYIXS7bhcp_bgreyTQEz6rANEgSyNnUt,bannerClick,"Mozilla/5.0 (X11; Linux x86_64) AppleWebKit/537.36 (KHTML, like Gecko) Chrome/79.0.3945.88 Safari/537.36",Chrome,Chrome,Google Inc.,Browser,79.0.3945.88,Personal computer,Linux
false,false,false,1587713278809,1587713278801,172.19.0.1,,http://localhost:8290/,1853,1053,0:k9duj4wz:l2cMkdzssvEhvgbea2QmbuiOvHo~f_i7,0:k9duj4wz:~k8df~6mjcmT806u148_wd2OAl4GC5OK,0:tYIXS7bhcp_bgreyTQEz6rANEgSyNnUt,bannerClick,"Mozilla/5.0 (X11; Linux x86_64) AppleWebKit/537.36 (KHTML, like Gecko) Chrome/79.0.3945.88 Safari/537.36",Chrome,Chrome,Google Inc.,Browser,79.0.3945.88,Personal computer,Linux
false,false,false,1587713279462,1587713279455,172.19.0.1,,http://localhost:8290/,1853,1053,0:k9duj4wz:l2cMkdzssvEhvgbea2QmbuiOvHo~f_i7,0:k9duj4wz:~k8df~6mjcmT806u148_wd2OAl4GC5OK,0:tYIXS7bhcp_bgreyTQEz6rANEgSyNnUt,bannerClick,"Mozilla/5.0 (X11; Linux x86_64) AppleWebKit/537.36 (KHTML, like Gecko) Chrome/79.0.3945.88 Safari/537.36",Chrome,Chrome,Google Inc.,Browser,79.0.3945.88,Personal computer,Linux
false,false,false,1587713280089,1587713280079,172.19.0.1,,http://localhost:8290/,1853,1053,0:k9duj4wz:l2cMkdzssvEhvgbea2QmbuiOvHo~f_i7,0:k9duj4wz:~k8df~6mjcmT806u148_wd2OAl4GC5OK,0:tYIXS7bhcp_bgreyTQEz6rANEgSyNnUt,bannerClick,"Mozilla/5.0 (X11; Linux x86_64) AppleWebKit/537.36 (KHTML, like Gecko) Chrome/79.0.3945.88 Safari/537.36",Chrome,Chrome,Google Inc.,Browser,79.0.3945.88,Personal computer,Linux
false,false,false,1587713280661,1587713280653,172.19.0.1,,http://localhost:8290/,1853,1053,0:k9duj4wz:l2cMkdzssvEhvgbea2QmbuiOvHo~f_i7,0:k9duj4wz:~k8df~6mjcmT806u148_wd2OAl4GC5OK,0:tYIXS7bhcp_bgreyTQEz6rANEgSyNnUt,bannerClick,"Mozilla/5.0 (X11; Linux x86_64) AppleWebKit/537.36 (KHTML, like Gecko) Chrome/79.0.3945.88 Safari/537.36",Chrome,Chrome,Google Inc.,Browser,79.0.3945.88,Personal computer,Linux
false,false,false,1587713281461,1587713281453,172.19.0.1,,http://localhost:8290/,1853,1053,0:k9duj4wz:l2cMkdzssvEhvgbea2QmbuiOvHo~f_i7,0:k9duj4wz:~k8df~6mjcmT806u148_wd2OAl4GC5OK,0:tYIXS7bhcp_bgreyTQEz6rANEgSyNnUt,bannerClick,"Mozilla/5.0 (X11; Linux x86_64) AppleWebKit/537.36 (KHTML, like Gecko) Chrome/79.0.3945.88 Safari/537.36",Chrome,Chrome,Google Inc.,Browser,79.0.3945.88,Personal computer,Linux
false,false,false,1587713282077,1587713282070,172.19.0.1,,http://localhost:8290/,1853,1053,0:k9duj4wz:l2cMkdzssvEhvgbea2QmbuiOvHo~f_i7,0:k9duj4wz:~k8df~6mjcmT806u148_wd2OAl4GC5OK,0:tYIXS7bhcp_bgreyTQEz6rANEgSyNnUt,bannerClick,"Mozilla/5.0 (X11; Linux x86_64) AppleWebKit/537.36 (KHTML, like Gecko) Chrome/79.0.3945.88 Safari/537.36",Chrome,Chrome,Google Inc.,Browser,79.0.3945.88,Personal computer,Linux
false,false,false,1587713282702,1587713282695,172.19.0.1,,http://localhost:8290/,1853,1053,0:k9duj4wz:l2cMkdzssvEhvgbea2QmbuiOvHo~f_i7,0:k9duj4wz:~k8df~6mjcmT806u148_wd2OAl4GC5OK,0:tYIXS7bhcp_bgreyTQEz6rANEgSyNnUt,bannerClick,"Mozilla/5.0 (X11; Linux x86_64) AppleWebKit/537.36 (KHTML, like Gecko) Chrome/79.0.3945.88 Safari/537.36",Chrome,Chrome,Google Inc.,Browser,79.0.3945.88,Personal computer,Linux
false,false,false,1587713283394,1587713283385,172.19.0.1,,http://localhost:8290/,1853,1053,0:k9duj4wz:l2cMkdzssvEhvgbea2QmbuiOvHo~f_i7,0:k9duj4wz:~k8df~6mjcmT806u148_wd2OAl4GC5OK,0:tYIXS7bhcp_bgreyTQEz6rANEgSyNnUt,bannerClick,"Mozilla/5.0 (X11; Linux x86_64) AppleWebKit/537.36 (KHTML, like Gecko) Chrome/79.0.3945.88 Safari/537.36",Chrome,Chrome,Google Inc.,Browser,79.0.3945.88,Personal computer,Linux
false,false,false,1587713284112,1587713284104,172.19.0.1,,http://localhost:8290/,1853,1053,0:k9duj4wz:l2cMkdzssvEhvgbea2QmbuiOvHo~f_i7,0:k9duj4wz:~k8df~6mjcmT806u148_wd2OAl4GC5OK,0:tYIXS7bhcp_bgreyTQEz6rANEgSyNnUt,bannerClick,"Mozilla/5.0 (X11; Linux x86_64) AppleWebKit/537.36 (KHTML, like Gecko) Chrome/79.0.3945.88 Safari/537.36",Chrome,Chrome,Google Inc.,Browser,79.0.3945.88,Personal computer,Linux
false,false,false,1587713285354,1587713285346,172.19.0.1,,http://localhost:8290/,1853,1053,0:k9duj4wz:l2cMkdzssvEhvgbea2QmbuiOvHo~f_i7,0:k9duj4wz:~k8df~6mjcmT806u148_wd2OAl4GC5OK,0:tYIXS7bhcp_bgreyTQEz6rANEgSyNnUt,bannerClick,"Mozilla/5.0 (X11; Linux x86_64) AppleWebKit/537.36 (KHTML, like Gecko) Chrome/79.0.3945.88 Safari/537.36",Chrome,Chrome,Google Inc.,Browser,79.0.3945.88,Personal computer,Linux
false,false,false,1587713286710,1587713286697,172.19.0.1,,http://localhost:8290/,1853,1053,0:k9duj4wz:l2cMkdzssvEhvgbea2QmbuiOvHo~f_i7,0:k9duj4wz:~k8df~6mjcmT806u148_wd2OAl4GC5OK,0:tYIXS7bhcp_bgreyTQEz6rANEgSyNnUt,bannerClick,"Mozilla/5.0 (X11; Linux x86_64) AppleWebKit/537.36 (KHTML, like Gecko) Chrome/79.0.3945.88 Safari/537.36",Chrome,Chrome,Google Inc.,Browser,79.0.3945.88,Personal computer,Linux
false,false,false,1587713287338,1587713287330,172.19.0.1,,http://localhost:8290/,1853,1053,0:k9duj4wz:l2cMkdzssvEhvgbea2QmbuiOvHo~f_i7,0:k9duj4wz:~k8df~6mjcmT806u148_wd2OAl4GC5OK,0:tYIXS7bhcp_bgreyTQEz6rANEgSyNnUt,bannerClick,"Mozilla/5.0 (X11; Linux x86_64) AppleWebKit/537.36 (KHTML, like Gecko) Chrome/79.0.3945.88 Safari/537.36",Chrome,Chrome,Google Inc.,Browser,79.0.3945.88,Personal computer,Linux
false,false,false,1587713296652,1587713296645,172.19.0.1,,http://localhost:8290/,1853,1053,0:k9duj4wz:l2cMkdzssvEhvgbea2QmbuiOvHo~f_i7,0:k9duj4wz:~k8df~6mjcmT806u148_wd2OAl4GC5OK,0:tYIXS7bhcp_bgreyTQEz6rANEgSyNnUt,bannerClick,"Mozilla/5.0 (X11; Linux x86_64) AppleWebKit/537.36 (KHTML, like Gecko) Chrome/79.0.3945.88 Safari/537.36",Chrome,Chrome,Google Inc.,Browser,79.0.3945.88,Personal computer,Linux
false,false,false,1587713301063,1587713301055,172.19.0.1,,http://localhost:8290/,1853,1053,0:k9duj4wz:l2cMkdzssvEhvgbea2QmbuiOvHo~f_i7,0:k9duj4wz:~k8df~6mjcmT806u148_wd2OAl4GC5OK,0:tYIXS7bhcp_bgreyTQEz6rANEgSyNnUt,bannerClick,"Mozilla/5.0 (X11; Linux x86_64) AppleWebKit/537.36 (KHTML, like Gecko) Chrome/79.0.3945.88 Safari/537.36",Chrome,Chrome,Google Inc.,Browser,79.0.3945.88,Personal computer,Linux
false,false,false,1587713301665,1587713301658,172.19.0.1,,http://localhost:8290/,1853,1053,0:k9duj4wz:l2cMkdzssvEhvgbea2QmbuiOvHo~f_i7,0:k9duj4wz:~k8df~6mjcmT806u148_wd2OAl4GC5OK,0:tYIXS7bhcp_bgreyTQEz6rANEgSyNnUt,bannerClick,"Mozilla/5.0 (X11; Linux x86_64) AppleWebKit/537.36 (KHTML, like Gecko) Chrome/79.0.3945.88 Safari/537.36",Chrome,Chrome,Google Inc.,Browser,79.0.3945.88,Personal computer,Linux
false,false,false,1587713301971,1587713301963,172.19.0.1,,http://localhost:8290/,1853,1053,0:k9duj4wz:l2cMkdzssvEhvgbea2QmbuiOvHo~f_i7,0:k9duj4wz:~k8df~6mjcmT806u148_wd2OAl4GC5OK,0:tYIXS7bhcp_bgreyTQEz6rANEgSyNnUt,bannerClick,"Mozilla/5.0 (X11; Linux x86_64) AppleWebKit/537.36 (KHTML, like Gecko) Chrome/79.0.3945.88 Safari/537.36",Chrome,Chrome,Google Inc.,Browser,79.0.3945.88,Personal computer,Linux
false,false,false,1587713302117,1587713302108,172.19.0.1,,http://localhost:8290/,1853,1053,0:k9duj4wz:l2cMkdzssvEhvgbea2QmbuiOvHo~f_i7,0:k9duj4wz:~k8df~6mjcmT806u148_wd2OAl4GC5OK,0:tYIXS7bhcp_bgreyTQEz6rANEgSyNnUt,bannerClick,"Mozilla/5.0 (X11; Linux x86_64) AppleWebKit/537.36 (KHTML, like Gecko) Chrome/79.0.3945.88 Safari/537.36",Chrome,Chrome,Google Inc.,Browser,79.0.3945.88,Personal computer,Linux
false,false,false,1587713302278,1587713302275,172.19.0.1,,http://localhost:8290/,1853,1053,0:k9duj4wz:l2cMkdzssvEhvgbea2QmbuiOvHo~f_i7,0:k9duj4wz:~k8df~6mjcmT806u148_wd2OAl4GC5OK,0:tYIXS7bhcp_bgreyTQEz6rANEgSyNnUt,bannerClick,"Mozilla/5.0 (X11; Linux x86_64) AppleWebKit/537.36 (KHTML, like Gecko) Chrome/79.0.3945.88 Safari/537.36",Chrome,Chrome,Google Inc.,Browser,79.0.3945.88,Personal computer,Linux
false,false,false,1587713302464,1587713302457,172.19.0.1,,http://localhost:8290/,1853,1053,0:k9duj4wz:l2cMkdzssvEhvgbea2QmbuiOvHo~f_i7,0:k9duj4wz:~k8df~6mjcmT806u148_wd2OAl4GC5OK,0:tYIXS7bhcp_bgreyTQEz6rANEgSyNnUt,bannerClick,"Mozilla/5.0 (X11; Linux x86_64) AppleWebKit/537.36 (KHTML, like Gecko) Chrome/79.0.3945.88 Safari/537.36",Chrome,Chrome,Google Inc.,Browser,79.0.3945.88,Personal computer,Linux
false,false,false,1587713303665,1587713303656,172.19.0.1,,http://localhost:8290/,1853,1053,0:k9duj4wz:l2cMkdzssvEhvgbea2QmbuiOvHo~f_i7,0:k9duj4wz:~k8df~6mjcmT806u148_wd2OAl4GC5OK,0:tYIXS7bhcp_bgreyTQEz6rANEgSyNnUt,bannerClick,"Mozilla/5.0 (X11; Linux x86_64) AppleWebKit/537.36 (KHTML, like Gecko) Chrome/79.0.3945.88 Safari/537.36",Chrome,Chrome,Google Inc.,Browser,79.0.3945.88,Personal computer,Linux
false,false,false,1587713304354,1587713304346,172.19.0.1,,http://localhost:8290/,1853,1053,0:k9duj4wz:l2cMkdzssvEhvgbea2QmbuiOvHo~f_i7,0:k9duj4wz:~k8df~6mjcmT806u148_wd2OAl4GC5OK,0:tYIXS7bhcp_bgreyTQEz6rANEgSyNnUt,bannerClick,"Mozilla/5.0 (X11; Linux x86_64) AppleWebKit/537.36 (KHTML, like Gecko) Chrome/79.0.3945.88 Safari/537.36",Chrome,Chrome,Google Inc.,Browser,79.0.3945.88,Personal computer,Linux
false,false,false,1587713304891,1587713304883,172.19.0.1,,http://localhost:8290/,1853,1053,0:k9duj4wz:l2cMkdzssvEhvgbea2QmbuiOvHo~f_i7,0:k9duj4wz:~k8df~6mjcmT806u148_wd2OAl4GC5OK,0:tYIXS7bhcp_bgreyTQEz6rANEgSyNnUt,bannerClick,"Mozilla/5.0 (X11; Linux x86_64) AppleWebKit/537.36 (KHTML, like Gecko) Chrome/79.0.3945.88 Safari/537.36",Chrome,Chrome,Google Inc.,Browser,79.0.3945.88,Personal computer,Linux
false,false,false,1587713305440,1587713305435,172.19.0.1,,http://localhost:8290/,1853,1053,0:k9duj4wz:l2cMkdzssvEhvgbea2QmbuiOvHo~f_i7,0:k9duj4wz:~k8df~6mjcmT806u148_wd2OAl4GC5OK,0:tYIXS7bhcp_bgreyTQEz6rANEgSyNnUt,bannerClick,"Mozilla/5.0 (X11; Linux x86_64) AppleWebKit/537.36 (KHTML, like Gecko) Chrome/79.0.3945.88 Safari/537.36",Chrome,Chrome,Google Inc.,Browser,79.0.3945.88,Personal computer,Linux
false,false,false,1587713305676,1587713305668,172.19.0.1,,http://localhost:8290/,1853,1053,0:k9duj4wz:l2cMkdzssvEhvgbea2QmbuiOvHo~f_i7,0:k9duj4wz:~k8df~6mjcmT806u148_wd2OAl4GC5OK,0:tYIXS7bhcp_bgreyTQEz6rANEgSyNnUt,bannerClick,"Mozilla/5.0 (X11; Linux x86_64) AppleWebKit/537.36 (KHTML, like Gecko) Chrome/79.0.3945.88 Safari/537.36",Chrome,Chrome,Google Inc.,Browser,79.0.3945.88,Personal computer,Linux
false,false,false,1587713306149,1587713306140,172.19.0.1,,http://localhost:8290/,1853,1053,0:k9duj4wz:l2cMkdzssvEhvgbea2QmbuiOvHo~f_i7,0:k9duj4wz:~k8df~6mjcmT806u148_wd2OAl4GC5OK,0:tYIXS7bhcp_bgreyTQEz6rANEgSyNnUt,bannerClick,"Mozilla/5.0 (X11; Linux x86_64) AppleWebKit/537.36 (KHTML, like Gecko) Chrome/79.0.3945.88 Safari/537.36",Chrome,Chrome,Google Inc.,Browser,79.0.3945.88,Personal computer,Linux
false,false,false,1587713306771,1587713306765,172.19.0.1,,http://localhost:8290/,1853,1053,0:k9duj4wz:l2cMkdzssvEhvgbea2QmbuiOvHo~f_i7,0:k9duj4wz:~k8df~6mjcmT806u148_wd2OAl4GC5OK,0:tYIXS7bhcp_bgreyTQEz6rANEgSyNnUt,bannerClick,"Mozilla/5.0 (X11; Linux x86_64) AppleWebKit/537.36 (KHTML, like Gecko) Chrome/79.0.3945.88 Safari/537.36",Chrome,Chrome,Google Inc.,Browser,79.0.3945.88,Personal computer,Linux
false,false,false,1587713306839,1587713306831,172.19.0.1,,http://localhost:8290/,1853,1053,0:k9duj4wz:l2cMkdzssvEhvgbea2QmbuiOvHo~f_i7,0:k9duj4wz:~k8df~6mjcmT806u148_wd2OAl4GC5OK,0:tYIXS7bhcp_bgreyTQEz6rANEgSyNnUt,bannerClick,"Mozilla/5.0 (X11; Linux x86_64) AppleWebKit/537.36 (KHTML, like Gecko) Chrome/79.0.3945.88 Safari/537.36",Chrome,Chrome,Google Inc.,Browser,79.0.3945.88,Personal computer,Linux
false,false,false,1587713307227,1587713307220,172.19.0.1,,http://localhost:8290/,1853,1053,0:k9duj4wz:l2cMkdzssvEhvgbea2QmbuiOvHo~f_i7,0:k9duj4wz:~k8df~6mjcmT806u148_wd2OAl4GC5OK,0:tYIXS7bhcp_bgreyTQEz6rANEgSyNnUt,bannerClick,"Mozilla/5.0 (X11; Linux x86_64) AppleWebKit/537.36 (KHTML, like Gecko) Chrome/79.0.3945.88 Safari/537.36",Chrome,Chrome,Google Inc.,Browser,79.0.3945.88,Personal computer,Linux
false,false,false,1587713307724,1587713307717,172.19.0.1,,http://localhost:8290/,1853,1053,0:k9duj4wz:l2cMkdzssvEhvgbea2QmbuiOvHo~f_i7,0:k9duj4wz:~k8df~6mjcmT806u148_wd2OAl4GC5OK,0:tYIXS7bhcp_bgreyTQEz6rANEgSyNnUt,bannerClick,"Mozilla/5.0 (X11; Linux x86_64) AppleWebKit/537.36 (KHTML, like Gecko) Chrome/79.0.3945.88 Safari/537.36",Chrome,Chrome,Google Inc.,Browser,79.0.3945.88,Personal computer,Linux
false,false,false,1587713308360,1587713308356,172.19.0.1,,http://localhost:8290/,1853,1053,0:k9duj4wz:l2cMkdzssvEhvgbea2QmbuiOvHo~f_i7,0:k9duj4wz:~k8df~6mjcmT806u148_wd2OAl4GC5OK,0:tYIXS7bhcp_bgreyTQEz6rANEgSyNnUt,bannerClick,"Mozilla/5.0 (X11; Linux x86_64) AppleWebKit/537.36 (KHTML, like Gecko) Chrome/79.0.3945.88 Safari/537.36",Chrome,Chrome,Google Inc.,Browser,79.0.3945.88,Personal computer,Linux
false,false,false,1587713308946,1587713308937,172.19.0.1,,http://localhost:8290/,1853,1053,0:k9duj4wz:l2cMkdzssvEhvgbea2QmbuiOvHo~f_i7,0:k9duj4wz:~k8df~6mjcmT806u148_wd2OAl4GC5OK,0:tYIXS7bhcp_bgreyTQEz6rANEgSyNnUt,bannerClick,"Mozilla/5.0 (X11; Linux x86_64) AppleWebKit/537.36 (KHTML, like Gecko) Chrome/79.0.3945.88 Safari/537.36",Chrome,Chrome,Google Inc.,Browser,79.0.3945.88,Personal computer,Linux
false,false,false,1587713309505,1587713309497,172.19.0.1,,http://localhost:8290/,1853,1053,0:k9duj4wz:l2cMkdzssvEhvgbea2QmbuiOvHo~f_i7,0:k9duj4wz:~k8df~6mjcmT806u148_wd2OAl4GC5OK,0:tYIXS7bhcp_bgreyTQEz6rANEgSyNnUt,bannerClick,"Mozilla/5.0 (X11; Linux x86_64) AppleWebKit/537.36 (KHTML, like Gecko) Chrome/79.0.3945.88 Safari/537.36",Chrome,Chrome,Google Inc.,Browser,79.0.3945.88,Personal computer,Linux
false,false,false,1587713310096,1587713310092,172.19.0.1,,http://localhost:8290/,1853,1053,0:k9duj4wz:l2cMkdzssvEhvgbea2QmbuiOvHo~f_i7,0:k9duj4wz:~k8df~6mjcmT806u148_wd2OAl4GC5OK,0:tYIXS7bhcp_bgreyTQEz6rANEgSyNnUt,bannerClick,"Mozilla/5.0 (X11; Linux x86_64) AppleWebKit/537.36 (KHTML, like Gecko) Chrome/79.0.3945.88 Safari/537.36",Chrome,Chrome,Google Inc.,Browser,79.0.3945.88,Personal computer,Linux
false,false,false,1587713310675,1587713310666,172.19.0.1,,http://localhost:8290/,1853,1053,0:k9duj4wz:l2cMkdzssvEhvgbea2QmbuiOvHo~f_i7,0:k9duj4wz:~k8df~6mjcmT806u148_wd2OAl4GC5OK,0:tYIXS7bhcp_bgreyTQEz6rANEgSyNnUt,bannerClick,"Mozilla/5.0 (X11; Linux x86_64) AppleWebKit/537.36 (KHTML, like Gecko) Chrome/79.0.3945.88 Safari/537.36",Chrome,Chrome,Google Inc.,Browser,79.0.3945.88,Personal computer,Linux
false,false,false,1587713311240,1587713311233,172.19.0.1,,http://localhost:8290/,1853,1053,0:k9duj4wz:l2cMkdzssvEhvgbea2QmbuiOvHo~f_i7,0:k9duj4wz:~k8df~6mjcmT806u148_wd2OAl4GC5OK,0:tYIXS7bhcp_bgreyTQEz6rANEgSyNnUt,bannerClick,"Mozilla/5.0 (X11; Linux x86_64) AppleWebKit/537.36 (KHTML, like Gecko) Chrome/79.0.3945.88 Safari/537.36",Chrome,Chrome,Google Inc.,Browser,79.0.3945.88,Personal computer,Linux
false,false,false,1587713311879,1587713311872,172.19.0.1,,http://localhost:8290/,1853,1053,0:k9duj4wz:l2cMkdzssvEhvgbea2QmbuiOvHo~f_i7,0:k9duj4wz:~k8df~6mjcmT806u148_wd2OAl4GC5OK,0:tYIXS7bhcp_bgreyTQEz6rANEgSyNnUt,bannerClick,"Mozilla/5.0 (X11; Linux x86_64) AppleWebKit/537.36 (KHTML, like Gecko) Chrome/79.0.3945.88 Safari/537.36",Chrome,Chrome,Google Inc.,Browser,79.0.3945.88,Personal computer,Linux
false,false,false,1587713312533,1587713312526,172.19.0.1,,http://localhost:8290/,1853,1053,0:k9duj4wz:l2cMkdzssvEhvgbea2QmbuiOvHo~f_i7,0:k9duj4wz:~k8df~6mjcmT806u148_wd2OAl4GC5OK,0:tYIXS7bhcp_bgreyTQEz6rANEgSyNnUt,bannerClick,"Mozilla/5.0 (X11; Linux x86_64) AppleWebKit/537.36 (KHTML, like Gecko) Chrome/79.0.3945.88 Safari/537.36",Chrome,Chrome,Google Inc.,Browser,79.0.3945.88,Personal computer,Linux
false,false,false,1587713313115,1587713313107,172.19.0.1,,http://localhost:8290/,1853,1053,0:k9duj4wz:l2cMkdzssvEhvgbea2QmbuiOvHo~f_i7,0:k9duj4wz:~k8df~6mjcmT806u148_wd2OAl4GC5OK,0:tYIXS7bhcp_bgreyTQEz6rANEgSyNnUt,bannerClick,"Mozilla/5.0 (X11; Linux x86_64) AppleWebKit/537.36 (KHTML, like Gecko) Chrome/79.0.3945.88 Safari/537.36",Chrome,Chrome,Google Inc.,Browser,79.0.3945.88,Personal computer,Linux
false,false,false,1587713313768,1587713313761,172.19.0.1,,http://localhost:8290/,1853,1053,0:k9duj4wz:l2cMkdzssvEhvgbea2QmbuiOvHo~f_i7,0:k9duj4wz:~k8df~6mjcmT806u148_wd2OAl4GC5OK,0:tYIXS7bhcp_bgreyTQEz6rANEgSyNnUt,bannerClick,"Mozilla/5.0 (X11; Linux x86_64) AppleWebKit/537.36 (KHTML, like Gecko) Chrome/79.0.3945.88 Safari/537.36",Chrome,Chrome,Google Inc.,Browser,79.0.3945.88,Personal computer,Linux
false,false,false,1587713314371,1587713314364,172.19.0.1,,http://localhost:8290/,1853,1053,0:k9duj4wz:l2cMkdzssvEhvgbea2QmbuiOvHo~f_i7,0:k9duj4wz:~k8df~6mjcmT806u148_wd2OAl4GC5OK,0:tYIXS7bhcp_bgreyTQEz6rANEgSyNnUt,bannerClick,"Mozilla/5.0 (X11; Linux x86_64) AppleWebKit/537.36 (KHTML, like Gecko) Chrome/79.0.3945.88 Safari/537.36",Chrome,Chrome,Google Inc.,Browser,79.0.3945.88,Personal computer,Linux
false,false,false,1587713314945,1587713314938,172.19.0.1,,http://localhost:8290/,1853,1053,0:k9duj4wz:l2cMkdzssvEhvgbea2QmbuiOvHo~f_i7,0:k9duj4wz:~k8df~6mjcmT806u148_wd2OAl4GC5OK,0:tYIXS7bhcp_bgreyTQEz6rANEgSyNnUt,bannerClick,"Mozilla/5.0 (X11; Linux x86_64) AppleWebKit/537.36 (KHTML, like Gecko) Chrome/79.0.3945.88 Safari/537.36",Chrome,Chrome,Google Inc.,Browser,79.0.3945.88,Personal computer,Linux
false,false,false,1587713315621,1587713315614,172.19.0.1,,http://localhost:8290/,1853,1053,0:k9duj4wz:l2cMkdzssvEhvgbea2QmbuiOvHo~f_i7,0:k9duj4wz:~k8df~6mjcmT806u148_wd2OAl4GC5OK,0:tYIXS7bhcp_bgreyTQEz6rANEgSyNnUt,bannerClick,"Mozilla/5.0 (X11; Linux x86_64) AppleWebKit/537.36 (KHTML, like Gecko) Chrome/79.0.3945.88 Safari/537.36",Chrome,Chrome,Google Inc.,Browser,79.0.3945.88,Personal computer,Linux
false,false,false,1587713316224,1587713316216,172.19.0.1,,http://localhost:8290/,1853,1053,0:k9duj4wz:l2cMkdzssvEhvgbea2QmbuiOvHo~f_i7,0:k9duj4wz:~k8df~6mjcmT806u148_wd2OAl4GC5OK,0:tYIXS7bhcp_bgreyTQEz6rANEgSyNnUt,bannerClick,"Mozilla/5.0 (X11; Linux x86_64) AppleWebKit/537.36 (KHTML, like Gecko) Chrome/79.0.3945.88 Safari/537.36",Chrome,Chrome,Google Inc.,Browser,79.0.3945.88,Personal computer,Linux
false,false,false,1587713317460,1587713317453,172.19.0.1,,http://localhost:8290/,1853,1053,0:k9duj4wz:l2cMkdzssvEhvgbea2QmbuiOvHo~f_i7,0:k9duj4wz:~k8df~6mjcmT806u148_wd2OAl4GC5OK,0:tYIXS7bhcp_bgreyTQEz6rANEgSyNnUt,bannerClick,"Mozilla/5.0 (X11; Linux x86_64) AppleWebKit/537.36 (KHTML, like Gecko) Chrome/79.0.3945.88 Safari/537.36",Chrome,Chrome,Google Inc.,Browser,79.0.3945.88,Personal computer,Linux
false,false,false,1587713318047,1587713318040,172.19.0.1,,http://localhost:8290/,1853,1053,0:k9duj4wz:l2cMkdzssvEhvgbea2QmbuiOvHo~f_i7,0:k9duj4wz:~k8df~6mjcmT806u148_wd2OAl4GC5OK,0:tYIXS7bhcp_bgreyTQEz6rANEgSyNnUt,bannerClick,"Mozilla/5.0 (X11; Linux x86_64) AppleWebKit/537.36 (KHTML, like Gecko) Chrome/79.0.3945.88 Safari/537.36",Chrome,Chrome,Google Inc.,Browser,79.0.3945.88,Personal computer,Linux
false,false,false,1587713318622,1587713318614,172.19.0.1,,http://localhost:8290/,1853,1053,0:k9duj4wz:l2cMkdzssvEhvgbea2QmbuiOvHo~f_i7,0:k9duj4wz:~k8df~6mjcmT806u148_wd2OAl4GC5OK,0:tYIXS7bhcp_bgreyTQEz6rANEgSyNnUt,bannerClick,"Mozilla/5.0 (X11; Linux x86_64) AppleWebKit/537.36 (KHTML, like Gecko) Chrome/79.0.3945.88 Safari/537.36",Chrome,Chrome,Google Inc.,Browser,79.0.3945.88,Personal computer,Linux
false,false,false,1587713319174,1587713319166,172.19.0.1,,http://localhost:8290/,1853,1053,0:k9duj4wz:l2cMkdzssvEhvgbea2QmbuiOvHo~f_i7,0:k9duj4wz:~k8df~6mjcmT806u148_wd2OAl4GC5OK,0:tYIXS7bhcp_bgreyTQEz6rANEgSyNnUt,bannerClick,"Mozilla/5.0 (X11; Linux x86_64) AppleWebKit/537.36 (KHTML, like Gecko) Chrome/79.0.3945.88 Safari/537.36",Chrome,Chrome,Google Inc.,Browser,79.0.3945.88,Personal computer,Linux
false,false,false,1587713320301,1587713320292,172.19.0.1,,http://localhost:8290/,1853,1053,0:k9duj4wz:l2cMkdzssvEhvgbea2QmbuiOvHo~f_i7,0:k9duj4wz:~k8df~6mjcmT806u148_wd2OAl4GC5OK,0:tYIXS7bhcp_bgreyTQEz6rANEgSyNnUt,bannerClick,"Mozilla/5.0 (X11; Linux x86_64) AppleWebKit/537.36 (KHTML, like Gecko) Chrome/79.0.3945.88 Safari/537.36",Chrome,Chrome,Google Inc.,Browser,79.0.3945.88,Personal computer,Linux
false,false,false,1587713320844,1587713320837,172.19.0.1,,http://localhost:8290/,1853,1053,0:k9duj4wz:l2cMkdzssvEhvgbea2QmbuiOvHo~f_i7,0:k9duj4wz:~k8df~6mjcmT806u148_wd2OAl4GC5OK,0:tYIXS7bhcp_bgreyTQEz6rANEgSyNnUt,bannerClick,"Mozilla/5.0 (X11; Linux x86_64) AppleWebKit/537.36 (KHTML, like Gecko) Chrome/79.0.3945.88 Safari/537.36",Chrome,Chrome,Google Inc.,Browser,79.0.3945.88,Personal computer,Linux
false,false,false,1587713322298,1587713322290,172.19.0.1,,http://localhost:8290/,1853,1053,0:k9duj4wz:l2cMkdzssvEhvgbea2QmbuiOvHo~f_i7,0:k9duj4wz:~k8df~6mjcmT806u148_wd2OAl4GC5OK,0:tYIXS7bhcp_bgreyTQEz6rANEgSyNnUt,bannerClick,"Mozilla/5.0 (X11; Linux x86_64) AppleWebKit/537.36 (KHTML, like Gecko) Chrome/79.0.3945.88 Safari/537.36",Chrome,Chrome,Google Inc.,Browser,79.0.3945.88,Personal computer,Linux
false,false,false,1587713322923,1587713322915,172.19.0.1,,http://localhost:8290/,1853,1053,0:k9duj4wz:l2cMkdzssvEhvgbea2QmbuiOvHo~f_i7,0:k9duj4wz:~k8df~6mjcmT806u148_wd2OAl4GC5OK,0:tYIXS7bhcp_bgreyTQEz6rANEgSyNnUt,bannerClick,"Mozilla/5.0 (X11; Linux x86_64) AppleWebKit/537.36 (KHTML, like Gecko) Chrome/79.0.3945.88 Safari/537.36",Chrome,Chrome,Google Inc.,Browser,79.0.3945.88,Personal computer,Linux
false,false,false,1587713323547,1587713323539,172.19.0.1,,http://localhost:8290/,1853,1053,0:k9duj4wz:l2cMkdzssvEhvgbea2QmbuiOvHo~f_i7,0:k9duj4wz:~k8df~6mjcmT806u148_wd2OAl4GC5OK,0:tYIXS7bhcp_bgreyTQEz6rANEgSyNnUt,bannerClick,"Mozilla/5.0 (X11; Linux x86_64) AppleWebKit/537.36 (KHTML, like Gecko) Chrome/79.0.3945.88 Safari/537.36",Chrome,Chrome,Google Inc.,Browser,79.0.3945.88,Personal computer,Linux
false,false,false,1587713324078,1587713324070,172.19.0.1,,http://localhost:8290/,1853,1053,0:k9duj4wz:l2cMkdzssvEhvgbea2QmbuiOvHo~f_i7,0:k9duj4wz:~k8df~6mjcmT806u148_wd2OAl4GC5OK,0:tYIXS7bhcp_bgreyTQEz6rANEgSyNnUt,bannerClick,"Mozilla/5.0 (X11; Linux x86_64) AppleWebKit/537.36 (KHTML, like Gecko) Chrome/79.0.3945.88 Safari/537.36",Chrome,Chrome,Google Inc.,Browser,79.0.3945.88,Personal computer,Linux
false,false,false,1587713324782,1587713324774,172.19.0.1,,http://localhost:8290/,1853,1053,0:k9duj4wz:l2cMkdzssvEhvgbea2QmbuiOvHo~f_i7,0:k9duj4wz:~k8df~6mjcmT806u148_wd2OAl4GC5OK,0:tYIXS7bhcp_bgreyTQEz6rANEgSyNnUt,bannerClick,"Mozilla/5.0 (X11; Linux x86_64) AppleWebKit/537.36 (KHTML, like Gecko) Chrome/79.0.3945.88 Safari/537.36",Chrome,Chrome,Google Inc.,Browser,79.0.3945.88,Personal computer,Linux
false,false,false,1587713325349,1587713325341,172.19.0.1,,http://localhost:8290/,1853,1053,0:k9duj4wz:l2cMkdzssvEhvgbea2QmbuiOvHo~f_i7,0:k9duj4wz:~k8df~6mjcmT806u148_wd2OAl4GC5OK,0:tYIXS7bhcp_bgreyTQEz6rANEgSyNnUt,bannerClick,"Mozilla/5.0 (X11; Linux x86_64) AppleWebKit/537.36 (KHTML, like Gecko) Chrome/79.0.3945.88 Safari/537.36",Chrome,Chrome,Google Inc.,Browser,79.0.3945.88,Personal computer,Linux
false,false,false,1587713325915,1587713325908,172.19.0.1,,http://localhost:8290/,1853,1053,0:k9duj4wz:l2cMkdzssvEhvgbea2QmbuiOvHo~f_i7,0:k9duj4wz:~k8df~6mjcmT806u148_wd2OAl4GC5OK,0:tYIXS7bhcp_bgreyTQEz6rANEgSyNnUt,bannerClick,"Mozilla/5.0 (X11; Linux x86_64) AppleWebKit/537.36 (KHTML, like Gecko) Chrome/79.0.3945.88 Safari/537.36",Chrome,Chrome,Google Inc.,Browser,79.0.3945.88,Personal computer,Linux
false,false,false,1587713326517,1587713326511,172.19.0.1,,http://localhost:8290/,1853,1053,0:k9duj4wz:l2cMkdzssvEhvgbea2QmbuiOvHo~f_i7,0:k9duj4wz:~k8df~6mjcmT806u148_wd2OAl4GC5OK,0:tYIXS7bhcp_bgreyTQEz6rANEgSyNnUt,bannerClick,"Mozilla/5.0 (X11; Linux x86_64) AppleWebKit/537.36 (KHTML, like Gecko) Chrome/79.0.3945.88 Safari/537.36",Chrome,Chrome,Google Inc.,Browser,79.0.3945.88,Personal computer,Linux
false,false,false,1587713327135,1587713327128,172.19.0.1,,http://localhost:8290/,1853,1053,0:k9duj4wz:l2cMkdzssvEhvgbea2QmbuiOvHo~f_i7,0:k9duj4wz:~k8df~6mjcmT806u148_wd2OAl4GC5OK,0:tYIXS7bhcp_bgreyTQEz6rANEgSyNnUt,bannerClick,"Mozilla/5.0 (X11; Linux x86_64) AppleWebKit/537.36 (KHTML, like Gecko) Chrome/79.0.3945.88 Safari/537.36",Chrome,Chrome,Google Inc.,Browser,79.0.3945.88,Personal computer,Linux
false,false,false,1587713327949,1587713327941,172.19.0.1,,http://localhost:8290/,1853,1053,0:k9duj4wz:l2cMkdzssvEhvgbea2QmbuiOvHo~f_i7,0:k9duj4wz:~k8df~6mjcmT806u148_wd2OAl4GC5OK,0:tYIXS7bhcp_bgreyTQEz6rANEgSyNnUt,bannerClick,"Mozilla/5.0 (X11; Linux x86_64) AppleWebKit/537.36 (KHTML, like Gecko) Chrome/79.0.3945.88 Safari/537.36",Chrome,Chrome,Google Inc.,Browser,79.0.3945.88,Personal computer,Linux
false,false,false,1587713510639,1587713510630,172.19.0.1,,http://localhost:8290/,1853,1053,0:k9duj4wz:l2cMkdzssvEhvgbea2QmbuiOvHo~f_i7,0:k9duj4wz:~k8df~6mjcmT806u148_wd2OAl4GC5OK,0:tYIXS7bhcp_bgreyTQEz6rANEgSyNnUt,bannerClick,"Mozilla/5.0 (X11; Linux x86_64) AppleWebKit/537.36 (KHTML, like Gecko) Chrome/79.0.3945.88 Safari/537.36",Chrome,Chrome,Google Inc.,Browser,79.0.3945.88,Personal computer,Linux
false,false,false,1587713512012,1587713512004,172.19.0.1,,http://localhost:8290/,1853,1053,0:k9duj4wz:l2cMkdzssvEhvgbea2QmbuiOvHo~f_i7,0:k9duj4wz:~k8df~6mjcmT806u148_wd2OAl4GC5OK,0:tYIXS7bhcp_bgreyTQEz6rANEgSyNnUt,bannerClick,"Mozilla/5.0 (X11; Linux x86_64) AppleWebKit/537.36 (KHTML, like Gecko) Chrome/79.0.3945.88 Safari/537.36",Chrome,Chrome,Google Inc.,Browser,79.0.3945.88,Personal computer,Linux
false,false,false,1587713512745,1587713512737,172.19.0.1,,http://localhost:8290/,1853,1053,0:k9duj4wz:l2cMkdzssvEhvgbea2QmbuiOvHo~f_i7,0:k9duj4wz:~k8df~6mjcmT806u148_wd2OAl4GC5OK,0:tYIXS7bhcp_bgreyTQEz6rANEgSyNnUt,bannerClick,"Mozilla/5.0 (X11; Linux x86_64) AppleWebKit/537.36 (KHTML, like Gecko) Chrome/79.0.3945.88 Safari/537.36",Chrome,Chrome,Google Inc.,Browser,79.0.3945.88,Personal computer,Linux
false,false,false,1587713513435,1587713513428,172.19.0.1,,http://localhost:8290/,1853,1053,0:k9duj4wz:l2cMkdzssvEhvgbea2QmbuiOvHo~f_i7,0:k9duj4wz:~k8df~6mjcmT806u148_wd2OAl4GC5OK,0:tYIXS7bhcp_bgreyTQEz6rANEgSyNnUt,bannerClick,"Mozilla/5.0 (X11; Linux x86_64) AppleWebKit/537.36 (KHTML, like Gecko) Chrome/79.0.3945.88 Safari/537.36",Chrome,Chrome,Google Inc.,Browser,79.0.3945.88,Personal computer,Linux
false,false,false,1587713514082,1587713514075,172.19.0.1,,http://localhost:8290/,1853,1053,0:k9duj4wz:l2cMkdzssvEhvgbea2QmbuiOvHo~f_i7,0:k9duj4wz:~k8df~6mjcmT806u148_wd2OAl4GC5OK,0:tYIXS7bhcp_bgreyTQEz6rANEgSyNnUt,bannerClick,"Mozilla/5.0 (X11; Linux x86_64) AppleWebKit/537.36 (KHTML, like Gecko) Chrome/79.0.3945.88 Safari/537.36",Chrome,Chrome,Google Inc.,Browser,79.0.3945.88,Personal computer,Linux
false,false,false,1587713514744,1587713514736,172.19.0.1,,http://localhost:8290/,1853,1053,0:k9duj4wz:l2cMkdzssvEhvgbea2QmbuiOvHo~f_i7,0:k9duj4wz:~k8df~6mjcmT806u148_wd2OAl4GC5OK,0:tYIXS7bhcp_bgreyTQEz6rANEgSyNnUt,bannerClick,"Mozilla/5.0 (X11; Linux x86_64) AppleWebKit/537.36 (KHTML, like Gecko) Chrome/79.0.3945.88 Safari/537.36",Chrome,Chrome,Google Inc.,Browser,79.0.3945.88,Personal computer,Linux
false,false,false,1587713515535,1587713515521,172.19.0.1,,http://localhost:8290/,1853,1053,0:k9duj4wz:l2cMkdzssvEhvgbea2QmbuiOvHo~f_i7,0:k9duj4wz:~k8df~6mjcmT806u148_wd2OAl4GC5OK,0:tYIXS7bhcp_bgreyTQEz6rANEgSyNnUt,bannerClick,"Mozilla/5.0 (X11; Linux x86_64) AppleWebKit/537.36 (KHTML, like Gecko) Chrome/79.0.3945.88 Safari/537.36",Chrome,Chrome,Google Inc.,Browser,79.0.3945.88,Personal computer,Linux
false,false,false,1587713516243,1587713516240,172.19.0.1,,http://localhost:8290/,1853,1053,0:k9duj4wz:l2cMkdzssvEhvgbea2QmbuiOvHo~f_i7,0:k9duj4wz:~k8df~6mjcmT806u148_wd2OAl4GC5OK,0:tYIXS7bhcp_bgreyTQEz6rANEgSyNnUt,bannerClick,"Mozilla/5.0 (X11; Linux x86_64) AppleWebKit/537.36 (KHTML, like Gecko) Chrome/79.0.3945.88 Safari/537.36",Chrome,Chrome,Google Inc.,Browser,79.0.3945.88,Personal computer,Linux
false,false,false,1587713517035,1587713517026,172.19.0.1,,http://localhost:8290/,1853,1053,0:k9duj4wz:l2cMkdzssvEhvgbea2QmbuiOvHo~f_i7,0:k9duj4wz:~k8df~6mjcmT806u148_wd2OAl4GC5OK,0:tYIXS7bhcp_bgreyTQEz6rANEgSyNnUt,bannerClick,"Mozilla/5.0 (X11; Linux x86_64) AppleWebKit/537.36 (KHTML, like Gecko) Chrome/79.0.3945.88 Safari/537.36",Chrome,Chrome,Google Inc.,Browser,79.0.3945.88,Personal computer,Linux
false,false,false,1587713517716,1587713517709,172.19.0.1,,http://localhost:8290/,1853,1053,0:k9duj4wz:l2cMkdzssvEhvgbea2QmbuiOvHo~f_i7,0:k9duj4wz:~k8df~6mjcmT806u148_wd2OAl4GC5OK,0:tYIXS7bhcp_bgreyTQEz6rANEgSyNnUt,bannerClick,"Mozilla/5.0 (X11; Linux x86_64) AppleWebKit/537.36 (KHTML, like Gecko) Chrome/79.0.3945.88 Safari/537.36",Chrome,Chrome,Google Inc.,Browser,79.0.3945.88,Personal computer,Linux
false,false,false,1587713518916,1587713518909,172.19.0.1,,http://localhost:8290/,1853,1053,0:k9duj4wz:l2cMkdzssvEhvgbea2QmbuiOvHo~f_i7,0:k9duj4wz:~k8df~6mjcmT806u148_wd2OAl4GC5OK,0:tYIXS7bhcp_bgreyTQEz6rANEgSyNnUt,bannerClick,"Mozilla/5.0 (X11; Linux x86_64) AppleWebKit/537.36 (KHTML, like Gecko) Chrome/79.0.3945.88 Safari/537.36",Chrome,Chrome,Google Inc.,Browser,79.0.3945.88,Personal computer,Linux
false,false,false,1587713519606,1587713519599,172.19.0.1,,http://localhost:8290/,1853,1053,0:k9duj4wz:l2cMkdzssvEhvgbea2QmbuiOvHo~f_i7,0:k9duj4wz:~k8df~6mjcmT806u148_wd2OAl4GC5OK,0:tYIXS7bhcp_bgreyTQEz6rANEgSyNnUt,bannerClick,"Mozilla/5.0 (X11; Linux x86_64) AppleWebKit/537.36 (KHTML, like Gecko) Chrome/79.0.3945.88 Safari/537.36",Chrome,Chrome,Google Inc.,Browser,79.0.3945.88,Personal computer,Linux
false,false,false,1587713520228,1587713520217,172.19.0.1,,http://localhost:8290/,1853,1053,0:k9duj4wz:l2cMkdzssvEhvgbea2QmbuiOvHo~f_i7,0:k9duj4wz:~k8df~6mjcmT806u148_wd2OAl4GC5OK,0:tYIXS7bhcp_bgreyTQEz6rANEgSyNnUt,bannerClick,"Mozilla/5.0 (X11; Linux x86_64) AppleWebKit/537.36 (KHTML, like Gecko) Chrome/79.0.3945.88 Safari/537.36",Chrome,Chrome,Google Inc.,Browser,79.0.3945.88,Personal computer,Linux
false,false,false,1587713520770,1587713520762,172.19.0.1,,http://localhost:8290/,1853,1053,0:k9duj4wz:l2cMkdzssvEhvgbea2QmbuiOvHo~f_i7,0:k9duj4wz:~k8df~6mjcmT806u148_wd2OAl4GC5OK,0:tYIXS7bhcp_bgreyTQEz6rANEgSyNnUt,bannerClick,"Mozilla/5.0 (X11; Linux x86_64) AppleWebKit/537.36 (KHTML, like Gecko) Chrome/79.0.3945.88 Safari/537.36",Chrome,Chrome,Google Inc.,Browser,79.0.3945.88,Personal computer,Linux
false,false,false,1587713521585,1587713521576,172.19.0.1,,http://localhost:8290/,1853,1053,0:k9duj4wz:l2cMkdzssvEhvgbea2QmbuiOvHo~f_i7,0:k9duj4wz:~k8df~6mjcmT806u148_wd2OAl4GC5OK,0:tYIXS7bhcp_bgreyTQEz6rANEgSyNnUt,bannerClick,"Mozilla/5.0 (X11; Linux x86_64) AppleWebKit/537.36 (KHTML, like Gecko) Chrome/79.0.3945.88 Safari/537.36",Chrome,Chrome,Google Inc.,Browser,79.0.3945.88,Personal computer,Linux
false,false,false,1587713522283,1587713522275,172.19.0.1,,http://localhost:8290/,1853,1053,0:k9duj4wz:l2cMkdzssvEhvgbea2QmbuiOvHo~f_i7,0:k9duj4wz:~k8df~6mjcmT806u148_wd2OAl4GC5OK,0:tYIXS7bhcp_bgreyTQEz6rANEgSyNnUt,bannerClick,"Mozilla/5.0 (X11; Linux x86_64) AppleWebKit/537.36 (KHTML, like Gecko) Chrome/79.0.3945.88 Safari/537.36",Chrome,Chrome,Google Inc.,Browser,79.0.3945.88,Personal computer,Linux
false,false,false,1587713527170,1587713527166,172.19.0.1,,http://localhost:8290/,1853,1053,0:k9duj4wz:l2cMkdzssvEhvgbea2QmbuiOvHo~f_i7,0:k9duj4wz:~k8df~6mjcmT806u148_wd2OAl4GC5OK,0:tYIXS7bhcp_bgreyTQEz6rANEgSyNnUt,bannerClick,"Mozilla/5.0 (X11; Linux x86_64) AppleWebKit/537.36 (KHTML, like Gecko) Chrome/79.0.3945.88 Safari/537.36",Chrome,Chrome,Google Inc.,Browser,79.0.3945.88,Personal computer,Linux
false,false,false,1587713527930,1587713527922,172.19.0.1,,http://localhost:8290/,1853,1053,0:k9duj4wz:l2cMkdzssvEhvgbea2QmbuiOvHo~f_i7,0:k9duj4wz:~k8df~6mjcmT806u148_wd2OAl4GC5OK,0:tYIXS7bhcp_bgreyTQEz6rANEgSyNnUt,bannerClick,"Mozilla/5.0 (X11; Linux x86_64) AppleWebKit/537.36 (KHTML, like Gecko) Chrome/79.0.3945.88 Safari/537.36",Chrome,Chrome,Google Inc.,Browser,79.0.3945.88,Personal computer,Linux
false,false,false,1587713528751,1587713528744,172.19.0.1,,http://localhost:8290/,1853,1053,0:k9duj4wz:l2cMkdzssvEhvgbea2QmbuiOvHo~f_i7,0:k9duj4wz:~k8df~6mjcmT806u148_wd2OAl4GC5OK,0:tYIXS7bhcp_bgreyTQEz6rANEgSyNnUt,bannerClick,"Mozilla/5.0 (X11; Linux x86_64) AppleWebKit/537.36 (KHTML, like Gecko) Chrome/79.0.3945.88 Safari/537.36",Chrome,Chrome,Google Inc.,Browser,79.0.3945.88,Personal computer,Linux
false,false,false,1587713530053,1587713530045,172.19.0.1,,http://localhost:8290/,1853,1053,0:k9duj4wz:l2cMkdzssvEhvgbea2QmbuiOvHo~f_i7,0:k9duj4wz:~k8df~6mjcmT806u148_wd2OAl4GC5OK,0:tYIXS7bhcp_bgreyTQEz6rANEgSyNnUt,bannerClick,"Mozilla/5.0 (X11; Linux x86_64) AppleWebKit/537.36 (KHTML, like Gecko) Chrome/79.0.3945.88 Safari/537.36",Chrome,Chrome,Google Inc.,Browser,79.0.3945.88,Personal computer,Linux
false,false,false,1587713531625,1587713531619,172.19.0.1,,http://localhost:8290/,1853,1053,0:k9duj4wz:l2cMkdzssvEhvgbea2QmbuiOvHo~f_i7,0:k9duj4wz:~k8df~6mjcmT806u148_wd2OAl4GC5OK,0:tYIXS7bhcp_bgreyTQEz6rANEgSyNnUt,bannerClick,"Mozilla/5.0 (X11; Linux x86_64) AppleWebKit/537.36 (KHTML, like Gecko) Chrome/79.0.3945.88 Safari/537.36",Chrome,Chrome,Google Inc.,Browser,79.0.3945.88,Personal computer,Linux
false,false,false,1587713532109,1587713532101,172.19.0.1,,http://localhost:8290/,1853,1053,0:k9duj4wz:l2cMkdzssvEhvgbea2QmbuiOvHo~f_i7,0:k9duj4wz:~k8df~6mjcmT806u148_wd2OAl4GC5OK,0:tYIXS7bhcp_bgreyTQEz6rANEgSyNnUt,bannerClick,"Mozilla/5.0 (X11; Linux x86_64) AppleWebKit/537.36 (KHTML, like Gecko) Chrome/79.0.3945.88 Safari/537.36",Chrome,Chrome,Google Inc.,Browser,79.0.3945.88,Personal computer,Linux
false,false,false,1587713532748,1587713532741,172.19.0.1,,http://localhost:8290/,1853,1053,0:k9duj4wz:l2cMkdzssvEhvgbea2QmbuiOvHo~f_i7,0:k9duj4wz:~k8df~6mjcmT806u148_wd2OAl4GC5OK,0:tYIXS7bhcp_bgreyTQEz6rANEgSyNnUt,bannerClick,"Mozilla/5.0 (X11; Linux x86_64) AppleWebKit/537.36 (KHTML, like Gecko) Chrome/79.0.3945.88 Safari/537.36",Chrome,Chrome,Google Inc.,Browser,79.0.3945.88,Personal computer,Linux
false,false,false,1587713533369,1587713533365,172.19.0.1,,http://localhost:8290/,1853,1053,0:k9duj4wz:l2cMkdzssvEhvgbea2QmbuiOvHo~f_i7,0:k9duj4wz:~k8df~6mjcmT806u148_wd2OAl4GC5OK,0:tYIXS7bhcp_bgreyTQEz6rANEgSyNnUt,bannerClick,"Mozilla/5.0 (X11; Linux x86_64) AppleWebKit/537.36 (KHTML, like Gecko) Chrome/79.0.3945.88 Safari/537.36",Chrome,Chrome,Google Inc.,Browser,79.0.3945.88,Personal computer,Linux
false,false,false,1587713533984,1587713533977,172.19.0.1,,http://localhost:8290/,1853,1053,0:k9duj4wz:l2cMkdzssvEhvgbea2QmbuiOvHo~f_i7,0:k9duj4wz:~k8df~6mjcmT806u148_wd2OAl4GC5OK,0:tYIXS7bhcp_bgreyTQEz6rANEgSyNnUt,bannerClick,"Mozilla/5.0 (X11; Linux x86_64) AppleWebKit/537.36 (KHTML, like Gecko) Chrome/79.0.3945.88 Safari/537.36",Chrome,Chrome,Google Inc.,Browser,79.0.3945.88,Personal computer,Linux
false,false,false,1587713535003,1587713534994,172.19.0.1,,http://localhost:8290/,1853,1053,0:k9duj4wz:l2cMkdzssvEhvgbea2QmbuiOvHo~f_i7,0:k9duj4wz:~k8df~6mjcmT806u148_wd2OAl4GC5OK,0:tYIXS7bhcp_bgreyTQEz6rANEgSyNnUt,bannerClick,"Mozilla/5.0 (X11; Linux x86_64) AppleWebKit/537.36 (KHTML, like Gecko) Chrome/79.0.3945.88 Safari/537.36",Chrome,Chrome,Google Inc.,Browser,79.0.3945.88,Personal computer,Linux
false,false,false,1587713535677,1587713535670,172.19.0.1,,http://localhost:8290/,1853,1053,0:k9duj4wz:l2cMkdzssvEhvgbea2QmbuiOvHo~f_i7,0:k9duj4wz:~k8df~6mjcmT806u148_wd2OAl4GC5OK,0:tYIXS7bhcp_bgreyTQEz6rANEgSyNnUt,bannerClick,"Mozilla/5.0 (X11; Linux x86_64) AppleWebKit/537.36 (KHTML, like Gecko) Chrome/79.0.3945.88 Safari/537.36",Chrome,Chrome,Google Inc.,Browser,79.0.3945.88,Personal computer,Linux
false,false,false,1587713536353,1587713536346,172.19.0.1,,http://localhost:8290/,1853,1053,0:k9duj4wz:l2cMkdzssvEhvgbea2QmbuiOvHo~f_i7,0:k9duj4wz:~k8df~6mjcmT806u148_wd2OAl4GC5OK,0:tYIXS7bhcp_bgreyTQEz6rANEgSyNnUt,bannerClick,"Mozilla/5.0 (X11; Linux x86_64) AppleWebKit/537.36 (KHTML, like Gecko) Chrome/79.0.3945.88 Safari/537.36",Chrome,Chrome,Google Inc.,Browser,79.0.3945.88,Personal computer,Linux
false,false,false,1587713536935,1587713536927,172.19.0.1,,http://localhost:8290/,1853,1053,0:k9duj4wz:l2cMkdzssvEhvgbea2QmbuiOvHo~f_i7,0:k9duj4wz:~k8df~6mjcmT806u148_wd2OAl4GC5OK,0:tYIXS7bhcp_bgreyTQEz6rANEgSyNnUt,bannerClick,"Mozilla/5.0 (X11; Linux x86_64) AppleWebKit/537.36 (KHTML, like Gecko) Chrome/79.0.3945.88 Safari/537.36",Chrome,Chrome,Google Inc.,Browser,79.0.3945.88,Personal computer,Linux
false,false,false,1587713537617,1587713537611,172.19.0.1,,http://localhost:8290/,1853,1053,0:k9duj4wz:l2cMkdzssvEhvgbea2QmbuiOvHo~f_i7,0:k9duj4wz:~k8df~6mjcmT806u148_wd2OAl4GC5OK,0:tYIXS7bhcp_bgreyTQEz6rANEgSyNnUt,bannerClick,"Mozilla/5.0 (X11; Linux x86_64) AppleWebKit/537.36 (KHTML, like Gecko) Chrome/79.0.3945.88 Safari/537.36",Chrome,Chrome,Google Inc.,Browser,79.0.3945.88,Personal computer,Linux
false,false,false,1587713538294,1587713538286,172.19.0.1,,http://localhost:8290/,1853,1053,0:k9duj4wz:l2cMkdzssvEhvgbea2QmbuiOvHo~f_i7,0:k9duj4wz:~k8df~6mjcmT806u148_wd2OAl4GC5OK,0:tYIXS7bhcp_bgreyTQEz6rANEgSyNnUt,bannerClick,"Mozilla/5.0 (X11; Linux x86_64) AppleWebKit/537.36 (KHTML, like Gecko) Chrome/79.0.3945.88 Safari/537.36",Chrome,Chrome,Google Inc.,Browser,79.0.3945.88,Personal computer,Linux
false,false,false,1587713538998,1587713538991,172.19.0.1,,http://localhost:8290/,1853,1053,0:k9duj4wz:l2cMkdzssvEhvgbea2QmbuiOvHo~f_i7,0:k9duj4wz:~k8df~6mjcmT806u148_wd2OAl4GC5OK,0:tYIXS7bhcp_bgreyTQEz6rANEgSyNnUt,bannerClick,"Mozilla/5.0 (X11; Linux x86_64) AppleWebKit/537.36 (KHTML, like Gecko) Chrome/79.0.3945.88 Safari/537.36",Chrome,Chrome,Google Inc.,Browser,79.0.3945.88,Personal computer,Linux
false,false,false,1587713539567,1587713539565,172.19.0.1,,http://localhost:8290/,1853,1053,0:k9duj4wz:l2cMkdzssvEhvgbea2QmbuiOvHo~f_i7,0:k9duj4wz:~k8df~6mjcmT806u148_wd2OAl4GC5OK,0:tYIXS7bhcp_bgreyTQEz6rANEgSyNnUt,bannerClick,"Mozilla/5.0 (X11; Linux x86_64) AppleWebKit/537.36 (KHTML, like Gecko) Chrome/79.0.3945.88 Safari/537.36",Chrome,Chrome,Google Inc.,Browser,79.0.3945.88,Personal computer,Linux
false,false,false,1587713540103,1587713540096,172.19.0.1,,http://localhost:8290/,1853,1053,0:k9duj4wz:l2cMkdzssvEhvgbea2QmbuiOvHo~f_i7,0:k9duj4wz:~k8df~6mjcmT806u148_wd2OAl4GC5OK,0:tYIXS7bhcp_bgreyTQEz6rANEgSyNnUt,bannerClick,"Mozilla/5.0 (X11; Linux x86_64) AppleWebKit/537.36 (KHTML, like Gecko) Chrome/79.0.3945.88 Safari/537.36",Chrome,Chrome,Google Inc.,Browser,79.0.3945.88,Personal computer,Linux
false,false,false,1587713541697,1587713541688,172.19.0.1,,http://localhost:8290/,1853,1053,0:k9duj4wz:l2cMkdzssvEhvgbea2QmbuiOvHo~f_i7,0:k9duj4wz:~k8df~6mjcmT806u148_wd2OAl4GC5OK,0:tYIXS7bhcp_bgreyTQEz6rANEgSyNnUt,bannerClick,"Mozilla/5.0 (X11; Linux x86_64) AppleWebKit/537.36 (KHTML, like Gecko) Chrome/79.0.3945.88 Safari/537.36",Chrome,Chrome,Google Inc.,Browser,79.0.3945.88,Personal computer,Linux
false,false,false,1587713542371,1587713542364,172.19.0.1,,http://localhost:8290/,1853,1053,0:k9duj4wz:l2cMkdzssvEhvgbea2QmbuiOvHo~f_i7,0:k9duj4wz:~k8df~6mjcmT806u148_wd2OAl4GC5OK,0:tYIXS7bhcp_bgreyTQEz6rANEgSyNnUt,bannerClick,"Mozilla/5.0 (X11; Linux x86_64) AppleWebKit/537.36 (KHTML, like Gecko) Chrome/79.0.3945.88 Safari/537.36",Chrome,Chrome,Google Inc.,Browser,79.0.3945.88,Personal computer,Linux
false,false,false,1587713543024,1587713543018,172.19.0.1,,http://localhost:8290/,1853,1053,0:k9duj4wz:l2cMkdzssvEhvgbea2QmbuiOvHo~f_i7,0:k9duj4wz:~k8df~6mjcmT806u148_wd2OAl4GC5OK,0:tYIXS7bhcp_bgreyTQEz6rANEgSyNnUt,bannerClick,"Mozilla/5.0 (X11; Linux x86_64) AppleWebKit/537.36 (KHTML, like Gecko) Chrome/79.0.3945.88 Safari/537.36",Chrome,Chrome,Google Inc.,Browser,79.0.3945.88,Personal computer,Linux
false,false,false,1587713543643,1587713543636,172.19.0.1,,http://localhost:8290/,1853,1053,0:k9duj4wz:l2cMkdzssvEhvgbea2QmbuiOvHo~f_i7,0:k9duj4wz:~k8df~6mjcmT806u148_wd2OAl4GC5OK,0:tYIXS7bhcp_bgreyTQEz6rANEgSyNnUt,bannerClick,"Mozilla/5.0 (X11; Linux x86_64) AppleWebKit/537.36 (KHTML, like Gecko) Chrome/79.0.3945.88 Safari/537.36",Chrome,Chrome,Google Inc.,Browser,79.0.3945.88,Personal computer,Linux
false,false,false,1587713544283,1587713544270,172.19.0.1,,http://localhost:8290/,1853,1053,0:k9duj4wz:l2cMkdzssvEhvgbea2QmbuiOvHo~f_i7,0:k9duj4wz:~k8df~6mjcmT806u148_wd2OAl4GC5OK,0:tYIXS7bhcp_bgreyTQEz6rANEgSyNnUt,bannerClick,"Mozilla/5.0 (X11; Linux x86_64) AppleWebKit/537.36 (KHTML, like Gecko) Chrome/79.0.3945.88 Safari/537.36",Chrome,Chrome,Google Inc.,Browser,79.0.3945.88,Personal computer,Linux
false,false,false,1587713544842,1587713544835,172.19.0.1,,http://localhost:8290/,1853,1053,0:k9duj4wz:l2cMkdzssvEhvgbea2QmbuiOvHo~f_i7,0:k9duj4wz:~k8df~6mjcmT806u148_wd2OAl4GC5OK,0:tYIXS7bhcp_bgreyTQEz6rANEgSyNnUt,bannerClick,"Mozilla/5.0 (X11; Linux x86_64) AppleWebKit/537.36 (KHTML, like Gecko) Chrome/79.0.3945.88 Safari/537.36",Chrome,Chrome,Google Inc.,Browser,79.0.3945.88,Personal computer,Linux
false,false,false,1587713545482,1587713545474,172.19.0.1,,http://localhost:8290/,1853,1053,0:k9duj4wz:l2cMkdzssvEhvgbea2QmbuiOvHo~f_i7,0:k9duj4wz:~k8df~6mjcmT806u148_wd2OAl4GC5OK,0:tYIXS7bhcp_bgreyTQEz6rANEgSyNnUt,bannerClick,"Mozilla/5.0 (X11; Linux x86_64) AppleWebKit/537.36 (KHTML, like Gecko) Chrome/79.0.3945.88 Safari/537.36",Chrome,Chrome,Google Inc.,Browser,79.0.3945.88,Personal computer,Linux
false,false,false,1587713546164,1587713546157,172.19.0.1,,http://localhost:8290/,1853,1053,0:k9duj4wz:l2cMkdzssvEhvgbea2QmbuiOvHo~f_i7,0:k9duj4wz:~k8df~6mjcmT806u148_wd2OAl4GC5OK,0:tYIXS7bhcp_bgreyTQEz6rANEgSyNnUt,bannerClick,"Mozilla/5.0 (X11; Linux x86_64) AppleWebKit/537.36 (KHTML, like Gecko) Chrome/79.0.3945.88 Safari/537.36",Chrome,Chrome,Google Inc.,Browser,79.0.3945.88,Personal computer,Linux
false,false,false,1587713546725,1587713546717,172.19.0.1,,http://localhost:8290/,1853,1053,0:k9duj4wz:l2cMkdzssvEhvgbea2QmbuiOvHo~f_i7,0:k9duj4wz:~k8df~6mjcmT806u148_wd2OAl4GC5OK,0:tYIXS7bhcp_bgreyTQEz6rANEgSyNnUt,bannerClick,"Mozilla/5.0 (X11; Linux x86_64) AppleWebKit/537.36 (KHTML, like Gecko) Chrome/79.0.3945.88 Safari/537.36",Chrome,Chrome,Google Inc.,Browser,79.0.3945.88,Personal computer,Linux
false,false,false,1587713547307,1587713547304,172.19.0.1,,http://localhost:8290/,1853,1053,0:k9duj4wz:l2cMkdzssvEhvgbea2QmbuiOvHo~f_i7,0:k9duj4wz:~k8df~6mjcmT806u148_wd2OAl4GC5OK,0:tYIXS7bhcp_bgreyTQEz6rANEgSyNnUt,bannerClick,"Mozilla/5.0 (X11; Linux x86_64) AppleWebKit/537.36 (KHTML, like Gecko) Chrome/79.0.3945.88 Safari/537.36",Chrome,Chrome,Google Inc.,Browser,79.0.3945.88,Personal computer,Linux
false,false,false,1587713548127,1587713548119,172.19.0.1,,http://localhost:8290/,1853,1053,0:k9duj4wz:l2cMkdzssvEhvgbea2QmbuiOvHo~f_i7,0:k9duj4wz:~k8df~6mjcmT806u148_wd2OAl4GC5OK,0:tYIXS7bhcp_bgreyTQEz6rANEgSyNnUt,bannerClick,"Mozilla/5.0 (X11; Linux x86_64) AppleWebKit/537.36 (KHTML, like Gecko) Chrome/79.0.3945.88 Safari/537.36",Chrome,Chrome,Google Inc.,Browser,79.0.3945.88,Personal computer,Linux
false,false,false,1587713548842,1587713548838,172.19.0.1,,http://localhost:8290/,1853,1053,0:k9duj4wz:l2cMkdzssvEhvgbea2QmbuiOvHo~f_i7,0:k9duj4wz:~k8df~6mjcmT806u148_wd2OAl4GC5OK,0:tYIXS7bhcp_bgreyTQEz6rANEgSyNnUt,bannerClick,"Mozilla/5.0 (X11; Linux x86_64) AppleWebKit/537.36 (KHTML, like Gecko) Chrome/79.0.3945.88 Safari/537.36",Chrome,Chrome,Google Inc.,Browser,79.0.3945.88,Personal computer,Linux
false,false,false,1587713549341,1587713549333,172.19.0.1,,http://localhost:8290/,1853,1053,0:k9duj4wz:l2cMkdzssvEhvgbea2QmbuiOvHo~f_i7,0:k9duj4wz:~k8df~6mjcmT806u148_wd2OAl4GC5OK,0:tYIXS7bhcp_bgreyTQEz6rANEgSyNnUt,bannerClick,"Mozilla/5.0 (X11; Linux x86_64) AppleWebKit/537.36 (KHTML, like Gecko) Chrome/79.0.3945.88 Safari/537.36",Chrome,Chrome,Google Inc.,Browser,79.0.3945.88,Personal computer,Linux
false,false,false,1587713549878,1587713549871,172.19.0.1,,http://localhost:8290/,1853,1053,0:k9duj4wz:l2cMkdzssvEhvgbea2QmbuiOvHo~f_i7,0:k9duj4wz:~k8df~6mjcmT806u148_wd2OAl4GC5OK,0:tYIXS7bhcp_bgreyTQEz6rANEgSyNnUt,bannerClick,"Mozilla/5.0 (X11; Linux x86_64) AppleWebKit/537.36 (KHTML, like Gecko) Chrome/79.0.3945.88 Safari/537.36",Chrome,Chrome,Google Inc.,Browser,79.0.3945.88,Personal computer,Linux
false,false,false,1587713550523,1587713550510,172.19.0.1,,http://localhost:8290/,1853,1053,0:k9duj4wz:l2cMkdzssvEhvgbea2QmbuiOvHo~f_i7,0:k9duj4wz:~k8df~6mjcmT806u148_wd2OAl4GC5OK,0:tYIXS7bhcp_bgreyTQEz6rANEgSyNnUt,bannerClick,"Mozilla/5.0 (X11; Linux x86_64) AppleWebKit/537.36 (KHTML, like Gecko) Chrome/79.0.3945.88 Safari/537.36",Chrome,Chrome,Google Inc.,Browser,79.0.3945.88,Personal computer,Linux
false,false,false,1587713551049,1587713551041,172.19.0.1,,http://localhost:8290/,1853,1053,0:k9duj4wz:l2cMkdzssvEhvgbea2QmbuiOvHo~f_i7,0:k9duj4wz:~k8df~6mjcmT806u148_wd2OAl4GC5OK,0:tYIXS7bhcp_bgreyTQEz6rANEgSyNnUt,bannerClick,"Mozilla/5.0 (X11; Linux x86_64) AppleWebKit/537.36 (KHTML, like Gecko) Chrome/79.0.3945.88 Safari/537.36",Chrome,Chrome,Google Inc.,Browser,79.0.3945.88,Personal computer,Linux
false,false,false,1587713551621,1587713551615,172.19.0.1,,http://localhost:8290/,1853,1053,0:k9duj4wz:l2cMkdzssvEhvgbea2QmbuiOvHo~f_i7,0:k9duj4wz:~k8df~6mjcmT806u148_wd2OAl4GC5OK,0:tYIXS7bhcp_bgreyTQEz6rANEgSyNnUt,bannerClick,"Mozilla/5.0 (X11; Linux x86_64) AppleWebKit/537.36 (KHTML, like Gecko) Chrome/79.0.3945.88 Safari/537.36",Chrome,Chrome,Google Inc.,Browser,79.0.3945.88,Personal computer,Linux
false,false,false,1587713552212,1587713552203,172.19.0.1,,http://localhost:8290/,1853,1053,0:k9duj4wz:l2cMkdzssvEhvgbea2QmbuiOvHo~f_i7,0:k9duj4wz:~k8df~6mjcmT806u148_wd2OAl4GC5OK,0:tYIXS7bhcp_bgreyTQEz6rANEgSyNnUt,bannerClick,"Mozilla/5.0 (X11; Linux x86_64) AppleWebKit/537.36 (KHTML, like Gecko) Chrome/79.0.3945.88 Safari/537.36",Chrome,Chrome,Google Inc.,Browser,79.0.3945.88,Personal computer,Linux
false,false,false,1587713552712,1587713552705,172.19.0.1,,http://localhost:8290/,1853,1053,0:k9duj4wz:l2cMkdzssvEhvgbea2QmbuiOvHo~f_i7,0:k9duj4wz:~k8df~6mjcmT806u148_wd2OAl4GC5OK,0:tYIXS7bhcp_bgreyTQEz6rANEgSyNnUt,bannerClick,"Mozilla/5.0 (X11; Linux x86_64) AppleWebKit/537.36 (KHTML, like Gecko) Chrome/79.0.3945.88 Safari/537.36",Chrome,Chrome,Google Inc.,Browser,79.0.3945.88,Personal computer,Linux
false,false,false,1587713553199,1587713553192,172.19.0.1,,http://localhost:8290/,1853,1053,0:k9duj4wz:l2cMkdzssvEhvgbea2QmbuiOvHo~f_i7,0:k9duj4wz:~k8df~6mjcmT806u148_wd2OAl4GC5OK,0:tYIXS7bhcp_bgreyTQEz6rANEgSyNnUt,bannerClick,"Mozilla/5.0 (X11; Linux x86_64) AppleWebKit/537.36 (KHTML, like Gecko) Chrome/79.0.3945.88 Safari/537.36",Chrome,Chrome,Google Inc.,Browser,79.0.3945.88,Personal computer,Linux
false,false,false,1587713553583,1587713553577,172.19.0.1,,http://localhost:8290/,1853,1053,0:k9duj4wz:l2cMkdzssvEhvgbea2QmbuiOvHo~f_i7,0:k9duj4wz:~k8df~6mjcmT806u148_wd2OAl4GC5OK,0:tYIXS7bhcp_bgreyTQEz6rANEgSyNnUt,bannerClick,"Mozilla/5.0 (X11; Linux x86_64) AppleWebKit/537.36 (KHTML, like Gecko) Chrome/79.0.3945.88 Safari/537.36",Chrome,Chrome,Google Inc.,Browser,79.0.3945.88,Personal computer,Linux
false,false,false,1587713553816,1587713553809,172.19.0.1,,http://localhost:8290/,1853,1053,0:k9duj4wz:l2cMkdzssvEhvgbea2QmbuiOvHo~f_i7,0:k9duj4wz:~k8df~6mjcmT806u148_wd2OAl4GC5OK,0:tYIXS7bhcp_bgreyTQEz6rANEgSyNnUt,bannerClick,"Mozilla/5.0 (X11; Linux x86_64) AppleWebKit/537.36 (KHTML, like Gecko) Chrome/79.0.3945.88 Safari/537.36",Chrome,Chrome,Google Inc.,Browser,79.0.3945.88,Personal computer,Linux
false,false,false,1587713554369,1587713554362,172.19.0.1,,http://localhost:8290/,1853,1053,0:k9duj4wz:l2cMkdzssvEhvgbea2QmbuiOvHo~f_i7,0:k9duj4wz:~k8df~6mjcmT806u148_wd2OAl4GC5OK,0:tYIXS7bhcp_bgreyTQEz6rANEgSyNnUt,bannerClick,"Mozilla/5.0 (X11; Linux x86_64) AppleWebKit/537.36 (KHTML, like Gecko) Chrome/79.0.3945.88 Safari/537.36",Chrome,Chrome,Google Inc.,Browser,79.0.3945.88,Personal computer,Linux
false,false,false,1587713554936,1587713554928,172.19.0.1,,http://localhost:8290/,1853,1053,0:k9duj4wz:l2cMkdzssvEhvgbea2QmbuiOvHo~f_i7,0:k9duj4wz:~k8df~6mjcmT806u148_wd2OAl4GC5OK,0:tYIXS7bhcp_bgreyTQEz6rANEgSyNnUt,bannerClick,"Mozilla/5.0 (X11; Linux x86_64) AppleWebKit/537.36 (KHTML, like Gecko) Chrome/79.0.3945.88 Safari/537.36",Chrome,Chrome,Google Inc.,Browser,79.0.3945.88,Personal computer,Linux
false,false,false,1587713555779,1587713555771,172.19.0.1,,http://localhost:8290/,1853,1053,0:k9duj4wz:l2cMkdzssvEhvgbea2QmbuiOvHo~f_i7,0:k9duj4wz:~k8df~6mjcmT806u148_wd2OAl4GC5OK,0:tYIXS7bhcp_bgreyTQEz6rANEgSyNnUt,bannerClick,"Mozilla/5.0 (X11; Linux x86_64) AppleWebKit/537.36 (KHTML, like Gecko) Chrome/79.0.3945.88 Safari/537.36",Chrome,Chrome,Google Inc.,Browser,79.0.3945.88,Personal computer,Linux
false,false,false,1587713556352,1587713556338,172.19.0.1,,http://localhost:8290/,1853,1053,0:k9duj4wz:l2cMkdzssvEhvgbea2QmbuiOvHo~f_i7,0:k9duj4wz:~k8df~6mjcmT806u148_wd2OAl4GC5OK,0:tYIXS7bhcp_bgreyTQEz6rANEgSyNnUt,bannerClick,"Mozilla/5.0 (X11; Linux x86_64) AppleWebKit/537.36 (KHTML, like Gecko) Chrome/79.0.3945.88 Safari/537.36",Chrome,Chrome,Google Inc.,Browser,79.0.3945.88,Personal computer,Linux
false,false,false,1587713556999,1587713556993,172.19.0.1,,http://localhost:8290/,1853,1053,0:k9duj4wz:l2cMkdzssvEhvgbea2QmbuiOvHo~f_i7,0:k9duj4wz:~k8df~6mjcmT806u148_wd2OAl4GC5OK,0:tYIXS7bhcp_bgreyTQEz6rANEgSyNnUt,bannerClick,"Mozilla/5.0 (X11; Linux x86_64) AppleWebKit/537.36 (KHTML, like Gecko) Chrome/79.0.3945.88 Safari/537.36",Chrome,Chrome,Google Inc.,Browser,79.0.3945.88,Personal computer,Linux
false,false,false,1587713557537,1587713557529,172.19.0.1,,http://localhost:8290/,1853,1053,0:k9duj4wz:l2cMkdzssvEhvgbea2QmbuiOvHo~f_i7,0:k9duj4wz:~k8df~6mjcmT806u148_wd2OAl4GC5OK,0:tYIXS7bhcp_bgreyTQEz6rANEgSyNnUt,bannerClick,"Mozilla/5.0 (X11; Linux x86_64) AppleWebKit/537.36 (KHTML, like Gecko) Chrome/79.0.3945.88 Safari/537.36",Chrome,Chrome,Google Inc.,Browser,79.0.3945.88,Personal computer,Linux
false,false,false,1587713558402,1587713558394,172.19.0.1,,http://localhost:8290/,1853,1053,0:k9duj4wz:l2cMkdzssvEhvgbea2QmbuiOvHo~f_i7,0:k9duj4wz:~k8df~6mjcmT806u148_wd2OAl4GC5OK,0:tYIXS7bhcp_bgreyTQEz6rANEgSyNnUt,bannerClick,"Mozilla/5.0 (X11; Linux x86_64) AppleWebKit/537.36 (KHTML, like Gecko) Chrome/79.0.3945.88 Safari/537.36",Chrome,Chrome,Google Inc.,Browser,79.0.3945.88,Personal computer,Linux
false,false,false,1587713559149,1587713559143,172.19.0.1,,http://localhost:8290/,1853,1053,0:k9duj4wz:l2cMkdzssvEhvgbea2QmbuiOvHo~f_i7,0:k9duj4wz:~k8df~6mjcmT806u148_wd2OAl4GC5OK,0:tYIXS7bhcp_bgreyTQEz6rANEgSyNnUt,bannerClick,"Mozilla/5.0 (X11; Linux x86_64) AppleWebKit/537.36 (KHTML, like Gecko) Chrome/79.0.3945.88 Safari/537.36",Chrome,Chrome,Google Inc.,Browser,79.0.3945.88,Personal computer,Linux
false,false,false,1587713559941,1587713559935,172.19.0.1,,http://localhost:8290/,1853,1053,0:k9duj4wz:l2cMkdzssvEhvgbea2QmbuiOvHo~f_i7,0:k9duj4wz:~k8df~6mjcmT806u148_wd2OAl4GC5OK,0:tYIXS7bhcp_bgreyTQEz6rANEgSyNnUt,bannerClick,"Mozilla/5.0 (X11; Linux x86_64) AppleWebKit/537.36 (KHTML, like Gecko) Chrome/79.0.3945.88 Safari/537.36",Chrome,Chrome,Google Inc.,Browser,79.0.3945.88,Personal computer,Linux
false,false,false,1587713560386,1587713560378,172.19.0.1,,http://localhost:8290/,1853,1053,0:k9duj4wz:l2cMkdzssvEhvgbea2QmbuiOvHo~f_i7,0:k9duj4wz:~k8df~6mjcmT806u148_wd2OAl4GC5OK,0:tYIXS7bhcp_bgreyTQEz6rANEgSyNnUt,bannerClick,"Mozilla/5.0 (X11; Linux x86_64) AppleWebKit/537.36 (KHTML, like Gecko) Chrome/79.0.3945.88 Safari/537.36",Chrome,Chrome,Google Inc.,Browser,79.0.3945.88,Personal computer,Linux
false,false,false,1587713560813,1587713560807,172.19.0.1,,http://localhost:8290/,1853,1053,0:k9duj4wz:l2cMkdzssvEhvgbea2QmbuiOvHo~f_i7,0:k9duj4wz:~k8df~6mjcmT806u148_wd2OAl4GC5OK,0:tYIXS7bhcp_bgreyTQEz6rANEgSyNnUt,bannerClick,"Mozilla/5.0 (X11; Linux x86_64) AppleWebKit/537.36 (KHTML, like Gecko) Chrome/79.0.3945.88 Safari/537.36",Chrome,Chrome,Google Inc.,Browser,79.0.3945.88,Personal computer,Linux
false,false,false,1587713561273,1587713561271,172.19.0.1,,http://localhost:8290/,1853,1053,0:k9duj4wz:l2cMkdzssvEhvgbea2QmbuiOvHo~f_i7,0:k9duj4wz:~k8df~6mjcmT806u148_wd2OAl4GC5OK,0:tYIXS7bhcp_bgreyTQEz6rANEgSyNnUt,bannerClick,"Mozilla/5.0 (X11; Linux x86_64) AppleWebKit/537.36 (KHTML, like Gecko) Chrome/79.0.3945.88 Safari/537.36",Chrome,Chrome,Google Inc.,Browser,79.0.3945.88,Personal computer,Linux
false,false,false,1587713561671,1587713561664,172.19.0.1,,http://localhost:8290/,1853,1053,0:k9duj4wz:l2cMkdzssvEhvgbea2QmbuiOvHo~f_i7,0:k9duj4wz:~k8df~6mjcmT806u148_wd2OAl4GC5OK,0:tYIXS7bhcp_bgreyTQEz6rANEgSyNnUt,bannerClick,"Mozilla/5.0 (X11; Linux x86_64) AppleWebKit/537.36 (KHTML, like Gecko) Chrome/79.0.3945.88 Safari/537.36",Chrome,Chrome,Google Inc.,Browser,79.0.3945.88,Personal computer,Linux
false,false,false,1587713562032,1587713562020,172.19.0.1,,http://localhost:8290/,1853,1053,0:k9duj4wz:l2cMkdzssvEhvgbea2QmbuiOvHo~f_i7,0:k9duj4wz:~k8df~6mjcmT806u148_wd2OAl4GC5OK,0:tYIXS7bhcp_bgreyTQEz6rANEgSyNnUt,bannerClick,"Mozilla/5.0 (X11; Linux x86_64) AppleWebKit/537.36 (KHTML, like Gecko) Chrome/79.0.3945.88 Safari/537.36",Chrome,Chrome,Google Inc.,Browser,79.0.3945.88,Personal computer,Linux
false,false,false,1587713562594,1587713562587,172.19.0.1,,http://localhost:8290/,1853,1053,0:k9duj4wz:l2cMkdzssvEhvgbea2QmbuiOvHo~f_i7,0:k9duj4wz:~k8df~6mjcmT806u148_wd2OAl4GC5OK,0:tYIXS7bhcp_bgreyTQEz6rANEgSyNnUt,bannerClick,"Mozilla/5.0 (X11; Linux x86_64) AppleWebKit/537.36 (KHTML, like Gecko) Chrome/79.0.3945.88 Safari/537.36",Chrome,Chrome,Google Inc.,Browser,79.0.3945.88,Personal computer,Linux
false,false,false,1587713562986,1587713562979,172.19.0.1,,http://localhost:8290/,1853,1053,0:k9duj4wz:l2cMkdzssvEhvgbea2QmbuiOvHo~f_i7,0:k9duj4wz:~k8df~6mjcmT806u148_wd2OAl4GC5OK,0:tYIXS7bhcp_bgreyTQEz6rANEgSyNnUt,bannerClick,"Mozilla/5.0 (X11; Linux x86_64) AppleWebKit/537.36 (KHTML, like Gecko) Chrome/79.0.3945.88 Safari/537.36",Chrome,Chrome,Google Inc.,Browser,79.0.3945.88,Personal computer,Linux
false,false,false,1587713563416,1587713563408,172.19.0.1,,http://localhost:8290/,1853,1053,0:k9duj4wz:l2cMkdzssvEhvgbea2QmbuiOvHo~f_i7,0:k9duj4wz:~k8df~6mjcmT806u148_wd2OAl4GC5OK,0:tYIXS7bhcp_bgreyTQEz6rANEgSyNnUt,bannerClick,"Mozilla/5.0 (X11; Linux x86_64) AppleWebKit/537.36 (KHTML, like Gecko) Chrome/79.0.3945.88 Safari/537.36",Chrome,Chrome,Google Inc.,Browser,79.0.3945.88,Personal computer,Linux
false,false,false,1587713564041,1587713564033,172.19.0.1,,http://localhost:8290/,1853,1053,0:k9duj4wz:l2cMkdzssvEhvgbea2QmbuiOvHo~f_i7,0:k9duj4wz:~k8df~6mjcmT806u148_wd2OAl4GC5OK,0:tYIXS7bhcp_bgreyTQEz6rANEgSyNnUt,bannerClick,"Mozilla/5.0 (X11; Linux x86_64) AppleWebKit/537.36 (KHTML, like Gecko) Chrome/79.0.3945.88 Safari/537.36",Chrome,Chrome,Google Inc.,Browser,79.0.3945.88,Personal computer,Linux
false,false,false,1587713564468,1587713564461,172.19.0.1,,http://localhost:8290/,1853,1053,0:k9duj4wz:l2cMkdzssvEhvgbea2QmbuiOvHo~f_i7,0:k9duj4wz:~k8df~6mjcmT806u148_wd2OAl4GC5OK,0:tYIXS7bhcp_bgreyTQEz6rANEgSyNnUt,bannerClick,"Mozilla/5.0 (X11; Linux x86_64) AppleWebKit/537.36 (KHTML, like Gecko) Chrome/79.0.3945.88 Safari/537.36",Chrome,Chrome,Google Inc.,Browser,79.0.3945.88,Personal computer,Linux
false,false,false,1587713564577,1587713564571,172.19.0.1,,http://localhost:8290/,1853,1053,0:k9duj4wz:l2cMkdzssvEhvgbea2QmbuiOvHo~f_i7,0:k9duj4wz:~k8df~6mjcmT806u148_wd2OAl4GC5OK,0:tYIXS7bhcp_bgreyTQEz6rANEgSyNnUt,bannerClick,"Mozilla/5.0 (X11; Linux x86_64) AppleWebKit/537.36 (KHTML, like Gecko) Chrome/79.0.3945.88 Safari/537.36",Chrome,Chrome,Google Inc.,Browser,79.0.3945.88,Personal computer,Linux
false,false,false,1587713564977,1587713564970,172.19.0.1,,http://localhost:8290/,1853,1053,0:k9duj4wz:l2cMkdzssvEhvgbea2QmbuiOvHo~f_i7,0:k9duj4wz:~k8df~6mjcmT806u148_wd2OAl4GC5OK,0:tYIXS7bhcp_bgreyTQEz6rANEgSyNnUt,bannerClick,"Mozilla/5.0 (X11; Linux x86_64) AppleWebKit/537.36 (KHTML, like Gecko) Chrome/79.0.3945.88 Safari/537.36",Chrome,Chrome,Google Inc.,Browser,79.0.3945.88,Personal computer,Linux
false,false,false,1587713565079,1587713565072,172.19.0.1,,http://localhost:8290/,1853,1053,0:k9duj4wz:l2cMkdzssvEhvgbea2QmbuiOvHo~f_i7,0:k9duj4wz:~k8df~6mjcmT806u148_wd2OAl4GC5OK,0:tYIXS7bhcp_bgreyTQEz6rANEgSyNnUt,bannerClick,"Mozilla/5.0 (X11; Linux x86_64) AppleWebKit/537.36 (KHTML, like Gecko) Chrome/79.0.3945.88 Safari/537.36",Chrome,Chrome,Google Inc.,Browser,79.0.3945.88,Personal computer,Linux
false,false,false,1587713565617,1587713565609,172.19.0.1,,http://localhost:8290/,1853,1053,0:k9duj4wz:l2cMkdzssvEhvgbea2QmbuiOvHo~f_i7,0:k9duj4wz:~k8df~6mjcmT806u148_wd2OAl4GC5OK,0:tYIXS7bhcp_bgreyTQEz6rANEgSyNnUt,bannerClick,"Mozilla/5.0 (X11; Linux x86_64) AppleWebKit/537.36 (KHTML, like Gecko) Chrome/79.0.3945.88 Safari/537.36",Chrome,Chrome,Google Inc.,Browser,79.0.3945.88,Personal computer,Linux
false,false,false,1587713566053,1587713566045,172.19.0.1,,http://localhost:8290/,1853,1053,0:k9duj4wz:l2cMkdzssvEhvgbea2QmbuiOvHo~f_i7,0:k9duj4wz:~k8df~6mjcmT806u148_wd2OAl4GC5OK,0:tYIXS7bhcp_bgreyTQEz6rANEgSyNnUt,bannerClick,"Mozilla/5.0 (X11; Linux x86_64) AppleWebKit/537.36 (KHTML, like Gecko) Chrome/79.0.3945.88 Safari/537.36",Chrome,Chrome,Google Inc.,Browser,79.0.3945.88,Personal computer,Linux
false,false,false,1587713566576,1587713566568,172.19.0.1,,http://localhost:8290/,1853,1053,0:k9duj4wz:l2cMkdzssvEhvgbea2QmbuiOvHo~f_i7,0:k9duj4wz:~k8df~6mjcmT806u148_wd2OAl4GC5OK,0:tYIXS7bhcp_bgreyTQEz6rANEgSyNnUt,bannerClick,"Mozilla/5.0 (X11; Linux x86_64) AppleWebKit/537.36 (KHTML, like Gecko) Chrome/79.0.3945.88 Safari/537.36",Chrome,Chrome,Google Inc.,Browser,79.0.3945.88,Personal computer,Linux
false,false,false,1587713567084,1587713567077,172.19.0.1,,http://localhost:8290/,1853,1053,0:k9duj4wz:l2cMkdzssvEhvgbea2QmbuiOvHo~f_i7,0:k9duj4wz:~k8df~6mjcmT806u148_wd2OAl4GC5OK,0:tYIXS7bhcp_bgreyTQEz6rANEgSyNnUt,bannerClick,"Mozilla/5.0 (X11; Linux x86_64) AppleWebKit/537.36 (KHTML, like Gecko) Chrome/79.0.3945.88 Safari/537.36",Chrome,Chrome,Google Inc.,Browser,79.0.3945.88,Personal computer,Linux
false,false,false,1587713567529,1587713567520,172.19.0.1,,http://localhost:8290/,1853,1053,0:k9duj4wz:l2cMkdzssvEhvgbea2QmbuiOvHo~f_i7,0:k9duj4wz:~k8df~6mjcmT806u148_wd2OAl4GC5OK,0:tYIXS7bhcp_bgreyTQEz6rANEgSyNnUt,bannerClick,"Mozilla/5.0 (X11; Linux x86_64) AppleWebKit/537.36 (KHTML, like Gecko) Chrome/79.0.3945.88 Safari/537.36",Chrome,Chrome,Google Inc.,Browser,79.0.3945.88,Personal computer,Linux
false,false,false,1587713567999,1587713567992,172.19.0.1,,http://localhost:8290/,1853,1053,0:k9duj4wz:l2cMkdzssvEhvgbea2QmbuiOvHo~f_i7,0:k9duj4wz:~k8df~6mjcmT806u148_wd2OAl4GC5OK,0:tYIXS7bhcp_bgreyTQEz6rANEgSyNnUt,bannerClick,"Mozilla/5.0 (X11; Linux x86_64) AppleWebKit/537.36 (KHTML, like Gecko) Chrome/79.0.3945.88 Safari/537.36",Chrome,Chrome,Google Inc.,Browser,79.0.3945.88,Personal computer,Linux
false,false,false,1587713568515,1587713568508,172.19.0.1,,http://localhost:8290/,1853,1053,0:k9duj4wz:l2cMkdzssvEhvgbea2QmbuiOvHo~f_i7,0:k9duj4wz:~k8df~6mjcmT806u148_wd2OAl4GC5OK,0:tYIXS7bhcp_bgreyTQEz6rANEgSyNnUt,bannerClick,"Mozilla/5.0 (X11; Linux x86_64) AppleWebKit/537.36 (KHTML, like Gecko) Chrome/79.0.3945.88 Safari/537.36",Chrome,Chrome,Google Inc.,Browser,79.0.3945.88,Personal computer,Linux
false,false,false,1587713568959,1587713568951,172.19.0.1,,http://localhost:8290/,1853,1053,0:k9duj4wz:l2cMkdzssvEhvgbea2QmbuiOvHo~f_i7,0:k9duj4wz:~k8df~6mjcmT806u148_wd2OAl4GC5OK,0:tYIXS7bhcp_bgreyTQEz6rANEgSyNnUt,bannerClick,"Mozilla/5.0 (X11; Linux x86_64) AppleWebKit/537.36 (KHTML, like Gecko) Chrome/79.0.3945.88 Safari/537.36",Chrome,Chrome,Google Inc.,Browser,79.0.3945.88,Personal computer,Linux
false,false,false,1587713569525,1587713569518,172.19.0.1,,http://localhost:8290/,1853,1053,0:k9duj4wz:l2cMkdzssvEhvgbea2QmbuiOvHo~f_i7,0:k9duj4wz:~k8df~6mjcmT806u148_wd2OAl4GC5OK,0:tYIXS7bhcp_bgreyTQEz6rANEgSyNnUt,bannerClick,"Mozilla/5.0 (X11; Linux x86_64) AppleWebKit/537.36 (KHTML, like Gecko) Chrome/79.0.3945.88 Safari/537.36",Chrome,Chrome,Google Inc.,Browser,79.0.3945.88,Personal computer,Linux
false,false,false,1587713569880,1587713569874,172.19.0.1,,http://localhost:8290/,1853,1053,0:k9duj4wz:l2cMkdzssvEhvgbea2QmbuiOvHo~f_i7,0:k9duj4wz:~k8df~6mjcmT806u148_wd2OAl4GC5OK,0:tYIXS7bhcp_bgreyTQEz6rANEgSyNnUt,bannerClick,"Mozilla/5.0 (X11; Linux x86_64) AppleWebKit/537.36 (KHTML, like Gecko) Chrome/79.0.3945.88 Safari/537.36",Chrome,Chrome,Google Inc.,Browser,79.0.3945.88,Personal computer,Linux
